CCAA,Comunidades,Fecha,Casos,Hospitalizados,UCI,Fallecidos,Recuperados,nuevos_casos,Poblacion,letalidad,mortalidad,tasa_hospitalización
AN,Andalucía,2020-02-20,0,0,0,0,0,0,8446561,0,0,0
AR,Aragon,2020-02-20,0,0,0,0,0,0,1324397,0,0,0
AS,Asturias,2020-02-20,0,0,0,0,0,0,1019993,0,0,0
IB,Islas Baleares,2020-02-20,1,0,0,0,0,0,1198576,0,0,0
CN,Canarias,2020-02-20,1,0,0,0,0,0,2220270,0,0,0
CB,Cantabria,2020-02-20,0,0,0,0,0,0,581949,0,0,0
CM,Castilla-La Mancha,2020-02-20,0,0,0,0,0,0,2038440,0,0,0
CL,Castilla y León,2020-02-20,0,0,0,0,0,0,2402877,0,0,0
CT,Cataluña,2020-02-20,0,0,0,0,0,0,7609499,0,0,0
CE,Ceuta,2020-02-20,0,0,0,0,0,0,84434,0,0,0
VC,C. Valenciana,2020-02-20,0,26,0,0,0,0,4998711,0,0,Inf
EX,Extremadura,2020-02-20,0,0,0,0,0,0,1062797,0,0,0
GA,Galicia,2020-02-20,0,0,0,0,0,0,2698764,0,0,0
MD,Madrid,2020-02-20,0,0,0,0,0,0,6685471,0,0,0
ML,Melilla,2020-02-20,0,0,0,0,0,0,84286,0,0,0
MC,Murcia,2020-02-20,0,0,0,0,0,0,1494442,0,0,0
NC,Navarra,2020-02-20,0,0,0,0,0,0,652526,0,0,0
PV,País Vasco,2020-02-20,0,0,0,0,0,0,2181919,0,0,0
RI,La Rioja,2020-02-20,0,0,0,0,0,0,314487,0,0,0
AN,Andalucía,2020-02-21,0,0,0,0,0,0,8446561,0,0,0
AR,Aragon,2020-02-21,0,0,0,0,0,0,1324397,0,0,0
AS,Asturias,2020-02-21,0,0,0,0,0,0,1019993,0,0,0
IB,Islas Baleares,2020-02-21,1,0,0,0,0,0,1198576,0,0,0
CN,Canarias,2020-02-21,1,0,0,0,0,0,2220270,0,0,0
CB,Cantabria,2020-02-21,0,0,0,0,0,0,581949,0,0,0
CM,Castilla-La Mancha,2020-02-21,0,0,0,0,0,0,2038440,0,0,0
CL,Castilla y León,2020-02-21,0,0,0,0,0,0,2402877,0,0,0
CT,Cataluña,2020-02-21,0,0,0,0,0,0,7609499,0,0,0
CE,Ceuta,2020-02-21,0,0,0,0,0,0,84434,0,0,0
VC,C. Valenciana,2020-02-21,0,30,1,0,0,0,4998711,0,0,Inf
EX,Extremadura,2020-02-21,0,0,0,0,0,0,1062797,0,0,0
GA,Galicia,2020-02-21,0,0,0,0,0,0,2698764,0,0,0
MD,Madrid,2020-02-21,0,0,0,0,0,0,6685471,0,0,0
ML,Melilla,2020-02-21,0,0,0,0,0,0,84286,0,0,0
MC,Murcia,2020-02-21,0,0,0,0,0,0,1494442,0,0,0
NC,Navarra,2020-02-21,0,0,0,0,0,0,652526,0,0,0
PV,País Vasco,2020-02-21,0,0,0,0,0,0,2181919,0,0,0
RI,La Rioja,2020-02-21,0,0,0,0,0,0,314487,0,0,0
AN,Andalucía,2020-02-22,0,0,0,0,0,0,8446561,0,0,0
AR,Aragon,2020-02-22,0,0,0,0,0,0,1324397,0,0,0
AS,Asturias,2020-02-22,0,0,0,0,0,0,1019993,0,0,0
IB,Islas Baleares,2020-02-22,1,0,0,0,0,0,1198576,0,0,0
CN,Canarias,2020-02-22,1,0,0,0,0,0,2220270,0,0,0
CB,Cantabria,2020-02-22,0,0,0,0,0,0,581949,0,0,0
CM,Castilla-La Mancha,2020-02-22,0,0,0,0,0,0,2038440,0,0,0
CL,Castilla y León,2020-02-22,0,0,0,0,0,0,2402877,0,0,0
CT,Cataluña,2020-02-22,0,0,0,0,0,0,7609499,0,0,0
CE,Ceuta,2020-02-22,0,0,0,0,0,0,84434,0,0,0
VC,C. Valenciana,2020-02-22,0,33,1,0,0,0,4998711,0,0,Inf
EX,Extremadura,2020-02-22,0,0,0,0,0,0,1062797,0,0,0
GA,Galicia,2020-02-22,0,0,0,0,0,0,2698764,0,0,0
MD,Madrid,2020-02-22,0,0,0,0,0,0,6685471,0,0,0
ML,Melilla,2020-02-22,0,0,0,0,0,0,84286,0,0,0
MC,Murcia,2020-02-22,0,0,0,0,0,0,1494442,0,0,0
NC,Navarra,2020-02-22,0,0,0,0,0,0,652526,0,0,0
PV,País Vasco,2020-02-22,0,0,0,0,0,0,2181919,0,0,0
RI,La Rioja,2020-02-22,0,0,0,0,0,0,314487,0,0,0
AN,Andalucía,2020-02-23,0,0,0,0,0,0,8446561,0,0,0
AR,Aragon,2020-02-23,0,0,0,0,0,0,1324397,0,0,0
AS,Asturias,2020-02-23,0,0,0,0,0,0,1019993,0,0,0
IB,Islas Baleares,2020-02-23,1,0,0,0,0,0,1198576,0,0,0
CN,Canarias,2020-02-23,1,0,0,0,0,0,2220270,0,0,0
CB,Cantabria,2020-02-23,0,0,0,0,0,0,581949,0,0,0
CM,Castilla-La Mancha,2020-02-23,0,0,0,0,0,0,2038440,0,0,0
CL,Castilla y León,2020-02-23,0,0,0,0,0,0,2402877,0,0,0
CT,Cataluña,2020-02-23,0,0,0,0,0,0,7609499,0,0,0
CE,Ceuta,2020-02-23,0,0,0,0,0,0,84434,0,0,0
VC,C. Valenciana,2020-02-23,0,38,2,0,0,0,4998711,0,0,Inf
EX,Extremadura,2020-02-23,0,0,0,0,0,0,1062797,0,0,0
GA,Galicia,2020-02-23,0,0,0,0,0,0,2698764,0,0,0
MD,Madrid,2020-02-23,0,0,0,0,0,0,6685471,0,0,0
ML,Melilla,2020-02-23,0,0,0,0,0,0,84286,0,0,0
MC,Murcia,2020-02-23,0,0,0,0,0,0,1494442,0,0,0
NC,Navarra,2020-02-23,0,0,0,0,0,0,652526,0,0,0
PV,País Vasco,2020-02-23,0,0,0,0,0,0,2181919,0,0,0
RI,La Rioja,2020-02-23,0,0,0,0,0,0,314487,0,0,0
AN,Andalucía,2020-02-24,0,0,0,0,0,0,8446561,0,0,0
AR,Aragon,2020-02-24,0,0,0,0,0,0,1324397,0,0,0
AS,Asturias,2020-02-24,0,0,0,0,0,0,1019993,0,0,0
IB,Islas Baleares,2020-02-24,1,0,0,0,0,0,1198576,0,0,0
CN,Canarias,2020-02-24,2,0,0,0,0,1,2220270,0,0,0
CB,Cantabria,2020-02-24,0,0,0,0,0,0,581949,0,0,0
CM,Castilla-La Mancha,2020-02-24,0,0,0,0,0,0,2038440,0,0,0
CL,Castilla y León,2020-02-24,0,0,0,0,0,0,2402877,0,0,0
CT,Cataluña,2020-02-24,0,0,0,0,0,0,7609499,0,0,0
CE,Ceuta,2020-02-24,0,0,0,0,0,0,84434,0,0,0
VC,C. Valenciana,2020-02-24,0,49,2,0,0,0,4998711,0,0,Inf
EX,Extremadura,2020-02-24,0,0,0,0,0,0,1062797,0,0,0
GA,Galicia,2020-02-24,0,0,0,0,0,0,2698764,0,0,0
MD,Madrid,2020-02-24,0,0,0,0,0,0,6685471,0,0,0
ML,Melilla,2020-02-24,0,0,0,0,0,0,84286,0,0,0
MC,Murcia,2020-02-24,0,0,0,0,0,0,1494442,0,0,0
NC,Navarra,2020-02-24,0,0,0,0,0,0,652526,0,0,0
PV,País Vasco,2020-02-24,0,0,0,0,0,0,2181919,0,0,0
RI,La Rioja,2020-02-24,0,0,0,0,0,0,314487,0,0,0
AN,Andalucía,2020-02-25,0,0,0,0,0,0,8446561,0,0,0
AR,Aragon,2020-02-25,0,0,0,0,0,0,1324397,0,0,0
AS,Asturias,2020-02-25,0,0,0,0,0,0,1019993,0,0,0
IB,Islas Baleares,2020-02-25,1,0,0,0,0,0,1198576,0,0,0
CN,Canarias,2020-02-25,5,0,0,0,0,3,2220270,0,0,0
CB,Cantabria,2020-02-25,0,0,0,0,0,0,581949,0,0,0
CM,Castilla-La Mancha,2020-02-25,0,0,0,0,0,0,2038440,0,0,0
CL,Castilla y León,2020-02-25,0,0,0,0,0,0,2402877,0,0,0
CT,Cataluña,2020-02-25,1,0,0,0,0,1,7609499,0,0,0
CE,Ceuta,2020-02-25,0,0,0,0,0,0,84434,0,0,0
VC,C. Valenciana,2020-02-25,1,58,2,0,0,1,4998711,0,0,5800
EX,Extremadura,2020-02-25,0,0,0,0,0,0,1062797,0,0,0
GA,Galicia,2020-02-25,0,0,0,0,0,0,2698764,0,0,0
MD,Madrid,2020-02-25,2,0,0,0,0,2,6685471,0,0,0
ML,Melilla,2020-02-25,0,0,0,0,0,0,84286,0,0,0
MC,Murcia,2020-02-25,0,0,0,0,0,0,1494442,0,0,0
NC,Navarra,2020-02-25,0,0,0,0,0,0,652526,0,0,0
PV,País Vasco,2020-02-25,0,0,0,0,0,0,2181919,0,0,0
RI,La Rioja,2020-02-25,0,0,0,0,0,0,314487,0,0,0
AN,Andalucía,2020-02-26,1,0,0,0,0,1,8446561,0,0,0
AR,Aragon,2020-02-26,0,0,0,0,0,0,1324397,0,0,0
AS,Asturias,2020-02-26,0,0,0,0,0,0,1019993,0,0,0
IB,Islas Baleares,2020-02-26,1,0,0,0,0,0,1198576,0,0,0
CN,Canarias,2020-02-26,6,0,0,0,0,1,2220270,0,0,0
CB,Cantabria,2020-02-26,0,0,0,0,0,0,581949,0,0,0
CM,Castilla-La Mancha,2020-02-26,0,0,0,0,0,0,2038440,0,0,0
CL,Castilla y León,2020-02-26,0,0,0,0,0,0,2402877,0,0,0
CT,Cataluña,2020-02-26,2,0,0,0,0,1,7609499,0,0,0
CE,Ceuta,2020-02-26,0,0,0,0,0,0,84434,0,0,0
VC,C. Valenciana,2020-02-26,2,63,3,0,0,1,4998711,0,0,3150
EX,Extremadura,2020-02-26,0,0,0,0,0,0,1062797,0,0,0
GA,Galicia,2020-02-26,0,0,0,0,0,0,2698764,0,0,0
MD,Madrid,2020-02-26,4,0,0,0,0,2,6685471,0,0,0
ML,Melilla,2020-02-26,0,0,0,0,0,0,84286,0,0,0
MC,Murcia,2020-02-26,0,0,0,0,0,0,1494442,0,0,0
NC,Navarra,2020-02-26,0,0,0,0,0,0,652526,0,0,0
PV,País Vasco,2020-02-26,0,0,0,0,0,0,2181919,0,0,0
RI,La Rioja,2020-02-26,0,0,0,0,0,0,314487,0,0,0
AN,Andalucía,2020-02-27,6,0,0,0,0,5,8446561,0,0,0
AR,Aragon,2020-02-27,0,0,0,0,0,0,1324397,0,0,0
AS,Asturias,2020-02-27,0,0,0,0,0,0,1019993,0,0,0
IB,Islas Baleares,2020-02-27,1,0,0,0,0,0,1198576,0,0,0
CN,Canarias,2020-02-27,6,0,0,0,0,0,2220270,0,0,0
CB,Cantabria,2020-02-27,0,0,0,0,0,0,581949,0,0,0
CM,Castilla-La Mancha,2020-02-27,0,0,0,0,0,0,2038440,0,0,0
CL,Castilla y León,2020-02-27,0,0,0,0,0,0,2402877,0,0,0
CT,Cataluña,2020-02-27,3,0,0,0,0,1,7609499,0,0,0
CE,Ceuta,2020-02-27,0,0,0,0,0,0,84434,0,0,0
VC,C. Valenciana,2020-02-27,8,73,3,0,0,6,4998711,0,0,912.5
EX,Extremadura,2020-02-27,0,0,0,0,0,0,1062797,0,0,0
GA,Galicia,2020-02-27,0,0,0,0,0,0,2698764,0,0,0
MD,Madrid,2020-02-27,5,0,0,0,0,1,6685471,0,0,0
ML,Melilla,2020-02-27,0,0,0,0,0,0,84286,0,0,0
MC,Murcia,2020-02-27,0,0,0,0,0,0,1494442,0,0,0
NC,Navarra,2020-02-27,0,0,0,0,0,0,652526,0,0,0
PV,País Vasco,2020-02-27,0,0,0,0,0,0,2181919,0,0,0
RI,La Rioja,2020-02-27,0,0,0,0,0,0,314487,0,0,0
AN,Andalucía,2020-02-28,8,0,0,0,0,2,8446561,0,0,0
AR,Aragon,2020-02-28,0,0,0,0,0,0,1324397,0,0,0
AS,Asturias,2020-02-28,0,0,0,0,0,0,1019993,0,0,0
IB,Islas Baleares,2020-02-28,2,0,0,0,0,1,1198576,0,0,0
CN,Canarias,2020-02-28,6,0,0,0,0,0,2220270,0,0,0
CB,Cantabria,2020-02-28,0,0,0,0,0,0,581949,0,0,0
CM,Castilla-La Mancha,2020-02-28,0,0,0,0,0,0,2038440,0,0,0
CL,Castilla y León,2020-02-28,2,0,0,0,0,2,2402877,0,0,0
CT,Cataluña,2020-02-28,5,0,0,0,0,2,7609499,0,0,0
CE,Ceuta,2020-02-28,0,0,0,0,0,0,84434,0,0,0
VC,C. Valenciana,2020-02-28,10,78,3,0,0,2,4998711,0,0,780
EX,Extremadura,2020-02-28,0,0,0,0,0,0,1062797,0,0,0
GA,Galicia,2020-02-28,0,0,0,0,0,0,2698764,0,0,0
MD,Madrid,2020-02-28,8,0,0,0,0,3,6685471,0,0,0
ML,Melilla,2020-02-28,0,0,0,0,0,0,84286,0,0,0
MC,Murcia,2020-02-28,0,0,0,0,0,0,1494442,0,0,0
NC,Navarra,2020-02-28,0,0,0,0,0,0,652526,0,0,0
PV,País Vasco,2020-02-28,2,0,0,0,0,2,2181919,0,0,0
RI,La Rioja,2020-02-28,0,0,0,0,0,0,314487,0,0,0
AN,Andalucía,2020-02-29,12,0,0,0,0,4,8446561,0,0,0
AR,Aragon,2020-02-29,0,0,0,0,0,0,1324397,0,0,0
AS,Asturias,2020-02-29,1,0,0,0,0,1,1019993,0,0,0
IB,Islas Baleares,2020-02-29,2,0,0,0,0,0,1198576,0,0,0
CN,Canarias,2020-02-29,7,0,0,0,0,1,2220270,0,0,0
CB,Cantabria,2020-02-29,1,0,0,0,0,1,581949,0,0,0
CM,Castilla-La Mancha,2020-02-29,1,0,0,0,0,1,2038440,0,0,0
CL,Castilla y León,2020-02-29,2,0,0,0,0,0,2402877,0,0,0
CT,Cataluña,2020-02-29,6,0,0,0,0,1,7609499,0,0,0
CE,Ceuta,2020-02-29,0,0,0,0,0,0,84434,0,0,0
VC,C. Valenciana,2020-02-29,15,85,3,0,0,5,4998711,0,0,566.67
EX,Extremadura,2020-02-29,4,0,0,0,0,4,1062797,0,0,0
GA,Galicia,2020-02-29,0,0,0,0,0,0,2698764,0,0,0
MD,Madrid,2020-02-29,10,0,0,0,0,2,6685471,0,0,0
ML,Melilla,2020-02-29,0,0,0,0,0,0,84286,0,0,0
MC,Murcia,2020-02-29,0,0,0,0,0,0,1494442,0,0,0
NC,Navarra,2020-02-29,1,0,0,0,0,1,652526,0,0,0
PV,País Vasco,2020-02-29,3,0,0,0,0,1,2181919,0,0,0
RI,La Rioja,2020-02-29,0,0,0,0,0,0,314487,0,0,0
AN,Andalucía,2020-03-01,12,0,0,0,0,0,8446561,0,0,0
AR,Aragon,2020-03-01,0,0,0,0,0,0,1324397,0,0,0
AS,Asturias,2020-03-01,1,0,0,0,0,0,1019993,0,0,0
IB,Islas Baleares,2020-03-01,2,0,0,0,0,0,1198576,0,0,0
CN,Canarias,2020-03-01,7,0,0,0,0,0,2220270,0,0,0
CB,Cantabria,2020-03-01,10,0,0,0,0,9,581949,0,0,0
CM,Castilla-La Mancha,2020-03-01,3,0,0,0,0,2,2038440,0,0,0
CL,Castilla y León,2020-03-01,2,0,0,0,0,0,2402877,0,0,0
CT,Cataluña,2020-03-01,15,0,0,0,0,9,7609499,0,0,0
CE,Ceuta,2020-03-01,0,0,0,0,0,0,84434,0,0,0
VC,C. Valenciana,2020-03-01,15,88,3,0,0,0,4998711,0,0,586.67
EX,Extremadura,2020-03-01,6,0,0,0,0,2,1062797,0,0,0
GA,Galicia,2020-03-01,0,0,0,0,0,0,2698764,0,0,0
MD,Madrid,2020-03-01,29,0,0,0,0,19,6685471,0,0,0
ML,Melilla,2020-03-01,0,0,0,0,0,0,84286,0,0,0
MC,Murcia,2020-03-01,0,0,0,0,0,0,1494442,0,0,0
NC,Navarra,2020-03-01,1,0,0,0,0,0,652526,0,0,0
PV,País Vasco,2020-03-01,9,0,0,0,0,6,2181919,0,0,0
RI,La Rioja,2020-03-01,1,0,0,0,0,1,314487,0,0,0
AN,Andalucía,2020-03-02,12,0,0,0,0,0,8446561,0,0,0
AR,Aragon,2020-03-02,0,0,0,0,0,0,1324397,0,0,0
AS,Asturias,2020-03-02,1,0,0,0,0,0,1019993,0,0,0
IB,Islas Baleares,2020-03-02,2,0,0,0,0,0,1198576,0,0,0
CN,Canarias,2020-03-02,7,0,0,0,0,0,2220270,0,0,0
CB,Cantabria,2020-03-02,10,0,0,0,0,0,581949,0,0,0
CM,Castilla-La Mancha,2020-03-02,7,0,0,0,0,4,2038440,0,0,0
CL,Castilla y León,2020-03-02,7,0,0,0,0,5,2402877,0,0,0
CT,Cataluña,2020-03-02,15,0,0,0,0,0,7609499,0,0,0
CE,Ceuta,2020-03-02,0,0,0,0,0,0,84434,0,0,0
VC,C. Valenciana,2020-03-02,15,93,3,0,0,0,4998711,0,0,620
EX,Extremadura,2020-03-02,6,0,0,0,0,0,1062797,0,0,0
GA,Galicia,2020-03-02,0,0,0,0,0,0,2698764,0,0,0
MD,Madrid,2020-03-02,49,0,0,0,0,20,6685471,0,0,0
ML,Melilla,2020-03-02,0,0,0,0,0,0,84286,0,0,0
MC,Murcia,2020-03-02,0,0,0,0,0,0,1494442,0,0,0
NC,Navarra,2020-03-02,1,0,0,0,0,0,652526,0,0,0
PV,País Vasco,2020-03-02,13,0,0,0,0,4,2181919,0,0,0
RI,La Rioja,2020-03-02,3,0,0,0,0,2,314487,0,0,0
AN,Andalucía,2020-03-03,12,0,0,0,0,0,8446561,0,0,0
AR,Aragon,2020-03-03,0,0,0,0,0,0,1324397,0,0,0
AS,Asturias,2020-03-03,2,0,0,0,0,1,1019993,0,0,0
IB,Islas Baleares,2020-03-03,5,0,0,0,0,3,1198576,0,0,0
CN,Canarias,2020-03-03,7,0,0,0,0,0,2220270,0,0,0
CB,Cantabria,2020-03-03,10,0,0,0,0,0,581949,0,0,0
CM,Castilla-La Mancha,2020-03-03,12,0,0,0,0,5,2038440,0,0,0
CL,Castilla y León,2020-03-03,8,0,0,0,0,1,2402877,0,0,0
CT,Cataluña,2020-03-03,15,0,0,0,0,0,7609499,0,0,0
CE,Ceuta,2020-03-03,0,0,0,0,0,0,84434,0,0,0
VC,C. Valenciana,2020-03-03,19,105,5,0,0,4,4998711,0,0,552.63
EX,Extremadura,2020-03-03,6,0,0,0,0,0,1062797,0,0,0
GA,Galicia,2020-03-03,1,0,0,0,0,1,2698764,0,0,0
MD,Madrid,2020-03-03,70,0,0,0,0,21,6685471,0,0,0
ML,Melilla,2020-03-03,0,0,0,0,0,0,84286,0,0,0
MC,Murcia,2020-03-03,0,0,0,0,0,0,1494442,0,0,0
NC,Navarra,2020-03-03,3,0,0,0,0,2,652526,0,0,0
PV,País Vasco,2020-03-03,17,0,0,0,0,4,2181919,0,0,0
RI,La Rioja,2020-03-03,7,0,0,0,0,4,314487,0,0,0
AN,Andalucía,2020-03-04,12,0,0,0,0,0,8446561,0,0,0
AR,Aragon,2020-03-04,1,0,0,0,0,1,1324397,0,0,0
AS,Asturias,2020-03-04,5,0,0,0,0,3,1019993,0,0,0
IB,Islas Baleares,2020-03-04,6,0,0,0,0,1,1198576,0,0,0
CN,Canarias,2020-03-04,8,0,0,0,0,1,2220270,0,0,0
CB,Cantabria,2020-03-04,10,0,0,0,0,0,581949,0,0,0
CM,Castilla-La Mancha,2020-03-04,13,0,0,0,0,1,2038440,0,0,0
CL,Castilla y León,2020-03-04,12,0,0,0,0,4,2402877,0,0,0
CT,Cataluña,2020-03-04,24,0,0,0,0,9,7609499,0,0,0
CE,Ceuta,2020-03-04,0,0,0,0,0,0,84434,0,0,0
VC,C. Valenciana,2020-03-04,19,117,6,0,0,0,4998711,0,0,615.79
EX,Extremadura,2020-03-04,6,0,0,0,0,0,1062797,0,0,0
GA,Galicia,2020-03-04,1,0,0,0,0,0,2698764,0,0,0
MD,Madrid,2020-03-04,90,0,0,0,0,20,6685471,0,0,0
ML,Melilla,2020-03-04,0,0,0,0,0,0,84286,0,0,0
MC,Murcia,2020-03-04,0,0,0,0,0,0,1494442,0,0,0
NC,Navarra,2020-03-04,3,0,0,0,0,0,652526,0,0,0
PV,País Vasco,2020-03-04,17,0,0,0,0,0,2181919,0,0,0
RI,La Rioja,2020-03-04,11,0,0,0,0,4,314487,0,0,0
AN,Andalucía,2020-03-05,21,0,0,0,0,9,8446561,0,0,0
AR,Aragon,2020-03-05,6,0,0,0,0,5,1324397,0,0,0
AS,Asturias,2020-03-05,5,0,0,0,0,0,1019993,0,0,0
IB,Islas Baleares,2020-03-05,6,0,0,0,0,0,1198576,0,0,0
CN,Canarias,2020-03-05,11,0,0,0,0,3,2220270,0,0,0
CB,Cantabria,2020-03-05,10,0,0,0,0,0,581949,0,0,0
CM,Castilla-La Mancha,2020-03-05,15,0,0,0,0,2,2038440,0,0,0
CL,Castilla y León,2020-03-05,13,0,0,0,0,1,2402877,0,0,0
CT,Cataluña,2020-03-05,24,0,0,0,0,0,7609499,0,0,0
CE,Ceuta,2020-03-05,0,0,0,0,0,0,84434,0,0,0
VC,C. Valenciana,2020-03-05,30,130,8,0,0,11,4998711,0,0,433.33
EX,Extremadura,2020-03-05,6,0,0,0,0,0,1062797,0,0,0
GA,Galicia,2020-03-05,3,0,0,0,0,2,2698764,0,0,0
MD,Madrid,2020-03-05,137,0,0,0,0,47,6685471,0,0,0
ML,Melilla,2020-03-05,0,0,0,0,0,0,84286,0,0,0
MC,Murcia,2020-03-05,0,0,0,0,0,0,1494442,0,0,0
NC,Navarra,2020-03-05,3,0,0,0,0,0,652526,0,0,0
PV,País Vasco,2020-03-05,45,0,0,0,0,28,2181919,0,0,0
RI,La Rioja,2020-03-05,29,0,0,0,0,18,314487,0,0,0
AN,Andalucía,2020-03-06,27,0,0,0,0,6,8446561,0,0,0
AR,Aragon,2020-03-06,11,0,0,0,0,5,1324397,0,0,0
AS,Asturias,2020-03-06,5,0,0,0,0,0,1019993,0,0,0
IB,Islas Baleares,2020-03-06,6,0,0,0,0,0,1198576,0,0,0
CN,Canarias,2020-03-06,11,0,0,0,0,0,2220270,0,0,0
CB,Cantabria,2020-03-06,10,0,0,0,0,0,581949,0,0,0
CM,Castilla-La Mancha,2020-03-06,15,0,0,0,0,0,2038440,0,0,0
CL,Castilla y León,2020-03-06,14,0,0,0,0,1,2402877,0,0,0
CT,Cataluña,2020-03-06,24,0,0,0,0,0,7609499,0,0,0
CE,Ceuta,2020-03-06,0,0,0,0,0,0,84434,0,0,0
VC,C. Valenciana,2020-03-06,30,138,8,0,0,0,4998711,0,0,460
EX,Extremadura,2020-03-06,6,0,0,0,0,0,1062797,0,0,0
GA,Galicia,2020-03-06,3,0,0,0,0,0,2698764,0,0,0
MD,Madrid,2020-03-06,137,0,0,0,0,0,6685471,0,0,0
ML,Melilla,2020-03-06,0,0,0,0,0,0,84286,0,0,0
MC,Murcia,2020-03-06,0,0,0,0,0,0,1494442,0,0,0
NC,Navarra,2020-03-06,3,0,0,0,0,0,652526,0,0,0
PV,País Vasco,2020-03-06,45,0,0,0,0,0,2181919,0,0,0
RI,La Rioja,2020-03-06,39,0,0,0,0,10,314487,0,0,0
AN,Andalucía,2020-03-07,34,0,0,0,0,7,8446561,0,0,0
AR,Aragon,2020-03-07,11,0,0,0,0,0,1324397,0,0,0
AS,Asturias,2020-03-07,7,0,0,0,0,2,1019993,0,0,0
IB,Islas Baleares,2020-03-07,8,0,0,0,0,2,1198576,0,0,0
CN,Canarias,2020-03-07,17,0,0,0,0,6,2220270,0,0,0
CB,Cantabria,2020-03-07,12,0,0,0,0,2,581949,0,0,0
CM,Castilla-La Mancha,2020-03-07,15,0,0,0,0,0,2038440,0,0,0
CL,Castilla y León,2020-03-07,21,0,0,0,0,7,2402877,0,0,0
CT,Cataluña,2020-03-07,49,0,0,0,0,25,7609499,0,0,0
CE,Ceuta,2020-03-07,0,0,0,0,0,0,84434,0,0,0
VC,C. Valenciana,2020-03-07,37,146,9,0,0,7,4998711,0,0,394.59
EX,Extremadura,2020-03-07,6,0,0,0,0,0,1062797,0,0,0
GA,Galicia,2020-03-07,5,0,0,0,0,2,2698764,0,0,0
MD,Madrid,2020-03-07,175,0,0,0,0,38,6685471,0,0,0
ML,Melilla,2020-03-07,0,0,0,0,0,0,84286,0,0,0
MC,Murcia,2020-03-07,1,0,0,0,0,1,1494442,0,0,0
NC,Navarra,2020-03-07,3,0,0,0,0,0,652526,0,0,0
PV,País Vasco,2020-03-07,70,0,0,0,0,25,2181919,0,0,0
RI,La Rioja,2020-03-07,55,0,0,0,0,16,314487,0,0,0
AN,Andalucía,2020-03-08,54,0,1,0,11,20,8446561,0,0,0
AR,Aragon,2020-03-08,13,0,3,3,0,2,1324397,23.08,0.23,0
AS,Asturias,2020-03-08,7,0,2,0,0,0,1019993,0,0,0
IB,Islas Baleares,2020-03-08,11,0,1,0,2,3,1198576,0,0,0
CN,Canarias,2020-03-08,22,0,0,0,4,5,2220270,0,0,0
CB,Cantabria,2020-03-08,12,0,0,0,0,0,581949,0,0,0
CM,Castilla-La Mancha,2020-03-08,26,0,2,0,2,11,2038440,0,0,0
CL,Castilla y León,2020-03-08,30,0,2,0,0,9,2402877,0,0,0
CT,Cataluña,2020-03-08,59,16,5,2,2,10,7609499,3.39,0.03,27.12
CE,Ceuta,2020-03-08,0,0,0,0,0,0,84434,0,0,0
VC,C. Valenciana,2020-03-08,37,153,9,1,1,0,4998711,2.7,0.02,413.51
EX,Extremadura,2020-03-08,7,0,0,0,1,1,1062797,0,0,0
GA,Galicia,2020-03-08,6,0,2,0,0,1,2698764,0,0,0
MD,Madrid,2020-03-08,469,0,53,16,0,294,6685471,3.41,0.24,0
ML,Melilla,2020-03-08,0,0,0,0,0,0,84286,0,0,0
MC,Murcia,2020-03-08,4,0,0,0,0,3,1494442,0,0,0
NC,Navarra,2020-03-08,3,0,1,0,0,0,652526,0,0,0
PV,País Vasco,2020-03-08,149,0,5,6,2,79,2181919,4.03,0.27,0
RI,La Rioja,2020-03-08,81,0,1,0,0,26,314487,0,0,0
AN,Andalucía,2020-03-09,71,0,1,0,11,17,8446561,0,0,0
AR,Aragon,2020-03-09,38,0,3,4,0,25,1324397,10.53,0.3,0
AS,Asturias,2020-03-09,22,0,2,0,1,15,1019993,0,0,0
IB,Islas Baleares,2020-03-09,13,0,1,0,3,2,1198576,0,0,0
CN,Canarias,2020-03-09,25,0,1,0,5,3,2220270,0,0,0
CB,Cantabria,2020-03-09,12,0,0,0,0,0,581949,0,0,0
CM,Castilla-La Mancha,2020-03-09,39,0,3,0,2,13,2038440,0,0,0
CL,Castilla y León,2020-03-09,40,0,2,0,0,10,2402877,0,0,0
CT,Cataluña,2020-03-09,82,31,7,2,5,23,7609499,2.44,0.03,37.8
CE,Ceuta,2020-03-09,0,0,0,0,0,0,84434,0,0,0
VC,C. Valenciana,2020-03-09,50,171,10,1,1,13,4998711,2,0.02,342
EX,Extremadura,2020-03-09,8,0,0,0,1,1,1062797,0,0,0
GA,Galicia,2020-03-09,22,0,2,0,0,16,2698764,0,0,0
MD,Madrid,2020-03-09,782,0,77,21,109,313,6685471,2.69,0.31,0
ML,Melilla,2020-03-09,0,0,0,0,0,0,84286,0,0,0
MC,Murcia,2020-03-09,9,0,0,0,0,5,1494442,0,0,0
NC,Navarra,2020-03-09,12,0,2,0,0,9,652526,0,0,0
PV,País Vasco,2020-03-09,195,0,5,6,2,46,2181919,3.08,0.27,0
RI,La Rioja,2020-03-09,144,0,1,1,0,63,314487,0.69,0.32,0
AN,Andalucía,2020-03-10,90,32,3,0,11,19,8446561,0,0,35.56
AR,Aragon,2020-03-10,45,22,3,4,0,7,1324397,8.89,0.3,48.89
AS,Asturias,2020-03-10,32,12,2,0,1,10,1019993,0,0,37.5
IB,Islas Baleares,2020-03-10,16,8,1,0,1,3,1198576,0,0,50
CN,Canarias,2020-03-10,37,10,1,0,5,12,2220270,0,0,27.03
CB,Cantabria,2020-03-10,12,0,0,0,0,0,581949,0,0,0
CM,Castilla-La Mancha,2020-03-10,71,0,5,0,2,32,2038440,0,0,0
CL,Castilla y León,2020-03-10,64,14,2,0,0,24,2402877,0,0,21.88
CT,Cataluña,2020-03-10,123,50,8,3,6,41,7609499,2.44,0.04,40.65
CE,Ceuta,2020-03-10,0,0,0,0,0,0,84434,0,0,0
VC,C. Valenciana,2020-03-10,65,200,12,1,1,15,4998711,1.54,0.02,307.69
EX,Extremadura,2020-03-10,9,2,1,1,1,1,1062797,11.11,0.09,22.22
GA,Galicia,2020-03-10,35,7,2,0,0,13,2698764,0,0,20
MD,Madrid,2020-03-10,1024,0,102,31,157,242,6685471,3.03,0.46,0
ML,Melilla,2020-03-10,0,0,0,0,0,0,84286,0,0,0
MC,Murcia,2020-03-10,11,4,0,0,0,2,1494442,0,0,36.36
NC,Navarra,2020-03-10,46,10,3,0,0,34,652526,0,0,21.74
PV,País Vasco,2020-03-10,225,102,15,6,2,30,2181919,2.67,0.27,45.33
RI,La Rioja,2020-03-10,179,13,1,2,1,35,314487,1.12,0.64,7.26
AN,Andalucía,2020-03-11,115,50,4,0,11,25,8446561,0,0,43.48
AR,Aragon,2020-03-11,64,28,3,6,0,19,1324397,9.38,0.45,43.75
AS,Asturias,2020-03-11,47,12,2,1,1,15,1019993,2.13,0.1,25.53
IB,Islas Baleares,2020-03-11,22,8,2,1,1,6,1198576,4.55,0.08,36.36
CN,Canarias,2020-03-11,51,15,3,0,5,14,2220270,0,0,29.41
CB,Cantabria,2020-03-11,16,3,0,0,6,4,581949,0,0,18.75
CM,Castilla-La Mancha,2020-03-11,115,39,9,1,2,44,2038440,0.87,0.05,33.91
CL,Castilla y León,2020-03-11,71,24,2,0,0,7,2402877,0,0,33.8
CT,Cataluña,2020-03-11,202,74,16,6,12,79,7609499,2.97,0.08,36.63
CE,Ceuta,2020-03-11,0,0,0,0,0,0,84434,0,0,0
VC,C. Valenciana,2020-03-11,76,232,15,1,1,11,4998711,1.32,0.02,305.26
EX,Extremadura,2020-03-11,19,2,1,1,3,10,1062797,5.26,0.09,10.53
GA,Galicia,2020-03-11,35,7,2,0,0,0,2698764,0,0,20
MD,Madrid,2020-03-11,1388,0,135,56,157,364,6685471,4.03,0.84,0
ML,Melilla,2020-03-11,0,0,0,0,0,0,84286,0,0,0
MC,Murcia,2020-03-11,26,5,1,0,0,15,1494442,0,0,19.23
NC,Navarra,2020-03-11,73,17,3,0,0,27,652526,0,0,23.29
PV,País Vasco,2020-03-11,346,146,18,11,1,121,2181919,3.18,0.5,42.2
RI,La Rioja,2020-03-11,205,21,1,2,1,26,314487,0.98,0.64,10.24
AN,Andalucía,2020-03-12,219,92,8,0,0,104,8446561,0,0,42.01
AR,Aragon,2020-03-12,80,30,3,7,0,16,1324397,8.75,0.53,37.5
AS,Asturias,2020-03-12,67,16,2,1,1,20,1019993,1.49,0.1,23.88
IB,Islas Baleares,2020-03-12,28,9,2,1,1,6,1198576,3.57,0.08,32.14
CN,Canarias,2020-03-12,70,15,3,0,5,19,2220270,0,0,21.43
CB,Cantabria,2020-03-12,29,3,0,0,7,13,581949,0,0,10.34
CM,Castilla-La Mancha,2020-03-12,194,78,10,5,1,79,2038440,2.58,0.25,40.21
CL,Castilla y León,2020-03-12,92,25,4,0,1,21,2402877,0,0,27.17
CT,Cataluña,2020-03-12,349,137,22,9,19,147,7609499,2.58,0.12,39.26
CE,Ceuta,2020-03-12,0,0,0,0,0,0,84434,0,0,0
VC,C. Valenciana,2020-03-12,94,271,22,1,2,18,4998711,1.06,0.02,288.3
EX,Extremadura,2020-03-12,39,3,1,1,3,20,1062797,2.56,0.09,7.69
GA,Galicia,2020-03-12,85,15,2,0,0,50,2698764,0,0,17.65
MD,Madrid,2020-03-12,1990,1304,180,81,157,602,6685471,4.07,1.21,65.53
ML,Melilla,2020-03-12,2,3,0,0,0,2,84286,0,0,150
MC,Murcia,2020-03-12,35,8,2,0,0,9,1494442,0,0,22.86
NC,Navarra,2020-03-12,130,28,4,0,0,57,652526,0,0,21.54
PV,País Vasco,2020-03-12,417,179,20,14,2,71,2181919,3.36,0.64,42.93
RI,La Rioja,2020-03-12,243,27,2,3,1,38,314487,1.23,0.95,11.11
AN,Andalucía,2020-03-13,269,92,8,2,0,50,8446561,0.74,0.02,34.2
AR,Aragon,2020-03-13,121,42,5,7,0,41,1324397,5.79,0.53,34.71
AS,Asturias,2020-03-13,92,16,2,1,1,25,1019993,1.09,0.1,17.39
IB,Islas Baleares,2020-03-13,28,9,2,1,1,0,1198576,3.57,0.08,32.14
CN,Canarias,2020-03-13,90,15,6,1,7,20,2220270,1.11,0.05,16.67
CB,Cantabria,2020-03-13,31,3,0,0,7,2,581949,0,0,9.68
CM,Castilla-La Mancha,2020-03-13,289,78,10,6,5,95,2038440,2.08,0.29,26.99
CL,Castilla y León,2020-03-13,169,25,8,1,2,77,2402877,0.59,0.04,14.79
CT,Cataluña,2020-03-13,558,200,29,13,32,209,7609499,2.33,0.17,35.84
CE,Ceuta,2020-03-13,0,0,0,0,0,0,84434,0,0,0
VC,C. Valenciana,2020-03-13,130,307,29,4,2,36,4998711,3.08,0.08,236.15
EX,Extremadura,2020-03-13,66,3,1,2,4,27,1062797,3.03,0.19,4.55
GA,Galicia,2020-03-13,115,32,7,0,3,30,2698764,0,0,27.83
MD,Madrid,2020-03-13,2940,1518,180,86,474,950,6685471,2.93,1.29,51.63
ML,Melilla,2020-03-13,3,3,0,0,0,1,84286,0,0,100
MC,Murcia,2020-03-13,47,8,2,0,0,12,1494442,0,0,17.02
NC,Navarra,2020-03-13,146,28,4,0,0,16,652526,0,0,19.18
PV,País Vasco,2020-03-13,521,179,22,14,5,104,2181919,2.69,0.64,34.36
RI,La Rioja,2020-03-13,278,38,2,3,1,35,314487,1.08,0.95,13.67
AN,Andalucía,2020-03-14,437,92,8,6,0,168,8446561,1.37,0.07,21.05
AR,Aragon,2020-03-14,147,59,5,7,0,26,1324397,4.76,0.53,40.14
AS,Asturias,2020-03-14,137,16,3,1,1,45,1019993,0.73,0.1,11.68
IB,Islas Baleares,2020-03-14,42,9,2,1,1,14,1198576,2.38,0.08,21.43
CN,Canarias,2020-03-14,109,15,6,1,7,19,2220270,0.92,0.05,13.76
CB,Cantabria,2020-03-14,51,3,0,0,10,20,581949,0,0,5.88
CM,Castilla-La Mancha,2020-03-14,401,78,10,10,5,112,2038440,2.49,0.49,19.45
CL,Castilla y León,2020-03-14,223,45,8,3,3,54,2402877,1.35,0.12,20.18
CT,Cataluña,2020-03-14,742,287,40,15,39,184,7609499,2.02,0.2,38.68
CE,Ceuta,2020-03-14,1,0,0,0,0,1,84434,0,0,0
VC,C. Valenciana,2020-03-14,409,339,37,5,2,279,4998711,1.22,0.1,82.89
EX,Extremadura,2020-03-14,95,8,1,2,4,29,1062797,2.11,0.19,8.42
GA,Galicia,2020-03-14,195,32,8,2,4,80,2698764,1.03,0.07,16.41
MD,Madrid,2020-03-14,3544,2337,253,213,474,604,6685471,6.01,3.19,65.94
ML,Melilla,2020-03-14,8,4,0,0,0,5,84286,0,0,50
MC,Murcia,2020-03-14,71,13,2,0,0,24,1494442,0,0,18.31
NC,Navarra,2020-03-14,183,34,4,0,0,37,652526,0,0,18.58
PV,País Vasco,2020-03-14,630,262,29,23,5,109,2181919,3.65,1.05,41.59
RI,La Rioja,2020-03-14,300,58,7,3,1,22,314487,1,0.95,19.33
AN,Andalucía,2020-03-15,554,197,11,7,0,117,8446561,1.26,0.08,35.56
AR,Aragon,2020-03-15,174,64,7,11,0,27,1324397,6.32,0.83,36.78
AS,Asturias,2020-03-15,177,16,3,1,3,40,1019993,0.56,0.1,9.04
IB,Islas Baleares,2020-03-15,73,21,4,1,1,31,1198576,1.37,0.08,28.77
CN,Canarias,2020-03-15,119,40,9,1,7,10,2220270,0.84,0.05,33.61
CB,Cantabria,2020-03-15,58,18,2,0,10,7,581949,0,0,31.03
CM,Castilla-La Mancha,2020-03-15,567,207,23,17,12,166,2038440,3,0.83,36.51
CL,Castilla y León,2020-03-15,292,45,8,6,5,69,2402877,2.05,0.25,15.41
CT,Cataluña,2020-03-15,1017,375,52,20,45,275,7609499,1.97,0.26,36.87
CE,Ceuta,2020-03-15,1,0,0,0,0,0,84434,0,0,0
VC,C. Valenciana,2020-03-15,409,390,47,5,2,0,4998711,1.22,0.1,95.35
EX,Extremadura,2020-03-15,111,9,1,2,4,16,1062797,1.8,0.19,8.11
GA,Galicia,2020-03-15,245,49,9,2,4,50,2698764,0.82,0.07,20
MD,Madrid,2020-03-15,4165,2337,253,213,474,621,6685471,5.11,3.19,56.11
ML,Melilla,2020-03-15,8,4,0,0,0,0,84286,0,0,50
MC,Murcia,2020-03-15,77,13,2,0,1,6,1494442,0,0,16.88
NC,Navarra,2020-03-15,274,58,5,1,0,91,652526,0.36,0.15,21.17
PV,País Vasco,2020-03-15,630,262,29,23,5,0,2181919,3.65,1.05,41.59
RI,La Rioja,2020-03-15,312,64,13,4,2,12,314487,1.28,1.27,20.51
AN,Andalucía,2020-03-16,683,229,13,11,0,129,8446561,1.61,0.13,33.53
AR,Aragon,2020-03-16,207,74,9,12,0,33,1324397,5.8,0.91,35.75
AS,Asturias,2020-03-16,193,34,5,1,3,16,1019993,0.52,0.1,17.62
IB,Islas Baleares,2020-03-16,92,26,4,1,1,19,1198576,1.09,0.08,28.26
CN,Canarias,2020-03-16,148,56,13,2,8,29,2220270,1.35,0.09,37.84
CB,Cantabria,2020-03-16,58,18,2,0,10,0,581949,0,0,31.03
CM,Castilla-La Mancha,2020-03-16,567,207,23,17,12,0,2038440,3,0.83,36.51
CL,Castilla y León,2020-03-16,431,95,24,12,5,139,2402877,2.78,0.5,22.04
CT,Cataluña,2020-03-16,1414,525,73,23,58,397,7609499,1.63,0.3,37.13
CE,Ceuta,2020-03-16,1,0,0,0,0,0,84434,0,0,0
VC,C. Valenciana,2020-03-16,541,456,52,13,12,132,4998711,2.4,0.26,84.29
EX,Extremadura,2020-03-16,153,18,2,3,5,42,1062797,1.96,0.28,11.76
GA,Galicia,2020-03-16,292,49,9,3,7,47,2698764,1.03,0.11,16.78
MD,Madrid,2020-03-16,4871,3710,340,355,951,706,6685471,7.29,5.31,76.17
ML,Melilla,2020-03-16,17,4,0,0,0,9,84286,0,0,23.53
MC,Murcia,2020-03-16,97,18,3,0,1,20,1494442,0,0,18.56
NC,Navarra,2020-03-16,313,72,10,2,0,39,652526,0.64,0.31,23
PV,País Vasco,2020-03-16,765,309,33,36,11,135,2181919,4.71,1.65,40.39
RI,La Rioja,2020-03-16,355,82,13,5,2,43,314487,1.41,1.59,23.1
AN,Andalucía,2020-03-17,859,319,21,19,38,176,8446561,2.21,0.22,37.14
AR,Aragon,2020-03-17,226,81,9,13,0,19,1324397,5.75,0.98,35.84
AS,Asturias,2020-03-17,242,45,5,1,4,49,1019993,0.41,0.1,18.6
IB,Islas Baleares,2020-03-17,112,29,4,1,4,20,1198576,0.89,0.08,25.89
CN,Canarias,2020-03-17,181,73,17,3,8,33,2220270,1.66,0.14,40.33
CB,Cantabria,2020-03-17,68,25,3,1,10,10,581949,1.47,0.17,36.76
CM,Castilla-La Mancha,2020-03-17,675,277,29,28,15,108,2038440,4.15,1.37,41.04
CL,Castilla y León,2020-03-17,668,281,43,22,5,237,2402877,3.29,0.92,42.07
CT,Cataluña,2020-03-17,1866,679,101,33,79,452,7609499,1.77,0.43,36.39
CE,Ceuta,2020-03-17,1,0,0,0,0,0,84434,0,0,0
VC,C. Valenciana,2020-03-17,726,530,65,22,16,185,4998711,3.03,0.44,73
EX,Extremadura,2020-03-17,194,27,3,6,6,41,1062797,3.09,0.56,13.92
GA,Galicia,2020-03-17,341,63,12,3,7,49,2698764,0.88,0.11,18.48
MD,Madrid,2020-03-17,5637,3778,491,390,951,766,6685471,6.92,5.83,67.02
ML,Melilla,2020-03-17,20,4,0,0,0,3,84286,0,0,20
MC,Murcia,2020-03-17,122,22,4,0,1,25,1494442,0,0,18.03
NC,Navarra,2020-03-17,386,93,10,3,0,73,652526,0.78,0.46,24.09
PV,País Vasco,2020-03-17,973,353,37,40,14,208,2181919,4.11,1.83,36.28
RI,La Rioja,2020-03-17,419,99,13,5,2,64,314487,1.19,1.59,23.63
AN,Andalucía,2020-03-18,1008,384,25,23,33,149,8446561,2.28,0.27,38.1
AR,Aragon,2020-03-18,281,101,14,15,0,55,1324397,5.34,1.13,35.94
AS,Asturias,2020-03-18,292,61,6,1,4,50,1019993,0.34,0.1,20.89
IB,Islas Baleares,2020-03-18,169,31,7,2,6,57,1198576,1.18,0.17,18.34
CN,Canarias,2020-03-18,220,82,23,3,9,39,2220270,1.36,0.14,37.27
CB,Cantabria,2020-03-18,83,40,4,1,10,15,581949,1.2,0.17,48.19
CM,Castilla-La Mancha,2020-03-18,801,313,37,42,27,126,2038440,5.24,2.06,39.08
CL,Castilla y León,2020-03-18,868,362,54,29,27,200,2402877,3.34,1.21,41.71
CT,Cataluña,2020-03-18,2702,825,118,53,103,836,7609499,1.96,0.7,30.53
CE,Ceuta,2020-03-18,1,0,0,0,0,0,84434,0,0,0
VC,C. Valenciana,2020-03-18,921,647,85,24,19,195,4998711,2.61,0.48,70.25
EX,Extremadura,2020-03-18,241,36,3,8,6,47,1062797,3.32,0.75,14.94
GA,Galicia,2020-03-18,453,100,15,4,4,112,2698764,0.88,0.15,22.08
MD,Madrid,2020-03-18,6777,5168,590,498,941,1140,6685471,7.35,7.45,76.26
ML,Melilla,2020-03-18,23,4,0,0,0,3,84286,0,0,17.39
MC,Murcia,2020-03-18,167,36,6,0,1,45,1494442,0,0,21.56
NC,Navarra,2020-03-18,482,132,11,4,0,96,652526,0.83,0.61,27.39
PV,País Vasco,2020-03-18,1190,455,44,53,18,217,2181919,4.45,2.43,38.24
RI,La Rioja,2020-03-18,468,121,15,5,2,49,314487,1.07,1.59,25.85
AN,Andalucía,2020-03-19,1287,501,38,30,36,279,8446561,2.33,0.36,38.93
AR,Aragon,2020-03-19,360,127,28,17,0,79,1324397,4.72,1.28,35.28
AS,Asturias,2020-03-19,344,87,7,2,12,52,1019993,0.58,0.2,25.29
IB,Islas Baleares,2020-03-19,203,48,10,2,10,34,1198576,0.99,0.17,23.65
CN,Canarias,2020-03-19,287,115,25,4,9,67,2220270,1.39,0.18,40.07
CB,Cantabria,2020-03-19,144,61,7,1,10,61,581949,0.69,0.17,42.36
CM,Castilla-La Mancha,2020-03-19,1044,313,37,42,27,243,2038440,4.02,2.06,29.98
CL,Castilla y León,2020-03-19,1147,476,69,43,37,279,2402877,3.75,1.79,41.5
CT,Cataluña,2020-03-19,3270,994,175,93,147,568,7609499,2.84,1.22,30.4
CE,Ceuta,2020-03-19,5,0,0,0,0,4,84434,0,0,0
VC,C. Valenciana,2020-03-19,1105,777,101,33,20,184,4998711,2.99,0.66,70.32
EX,Extremadura,2020-03-19,297,44,4,10,7,56,1062797,3.37,0.94,14.81
GA,Galicia,2020-03-19,578,138,19,5,5,125,2698764,0.87,0.19,23.88
MD,Madrid,2020-03-19,7165,6338,678,628,1186,388,6685471,8.76,9.39,88.46
ML,Melilla,2020-03-19,24,5,1,0,0,1,84286,0,0,20.83
MC,Murcia,2020-03-19,204,47,11,0,1,37,1494442,0,0,23.04
NC,Navarra,2020-03-19,554,172,19,5,1,72,652526,0.9,0.77,31.05
PV,País Vasco,2020-03-19,1465,550,53,71,21,275,2181919,4.85,3.25,37.54
RI,La Rioja,2020-03-19,497,122,15,7,13,29,314487,1.41,2.23,24.55
AN,Andalucía,2020-03-20,1515,605,53,40,36,228,8446561,2.64,0.47,39.93
AR,Aragon,2020-03-20,424,192,33,22,0,64,1324397,5.19,1.66,45.28
AS,Asturias,2020-03-20,486,133,12,5,16,142,1019993,1.03,0.49,27.37
IB,Islas Baleares,2020-03-20,246,60,14,4,11,43,1198576,1.63,0.33,24.39
CN,Canarias,2020-03-20,348,139,29,7,7,61,2220270,2.01,0.32,39.94
CB,Cantabria,2020-03-20,215,92,9,2,11,71,581949,0.93,0.34,42.79
CM,Castilla-La Mancha,2020-03-20,1423,635,65,84,38,379,2038440,5.9,4.12,44.62
CL,Castilla y León,2020-03-20,1466,629,85,55,54,319,2402877,3.75,2.29,42.91
CT,Cataluña,2020-03-20,4203,1681,271,122,192,933,7609499,2.9,1.6,40
CE,Ceuta,2020-03-20,5,0,0,0,0,0,84434,0,0,0
VC,C. Valenciana,2020-03-20,1363,947,129,50,25,258,4998711,3.67,1,69.48
EX,Extremadura,2020-03-20,354,65,6,12,8,57,1062797,3.39,1.13,18.36
GA,Galicia,2020-03-20,739,168,29,9,6,161,2698764,1.22,0.33,22.73
MD,Madrid,2020-03-20,8921,7388,767,804,1542,1756,6685471,9.01,12.03,82.82
ML,Melilla,2020-03-20,25,8,1,0,0,1,84286,0,0,32
MC,Murcia,2020-03-20,240,61,14,1,1,36,1494442,0.42,0.07,25.42
NC,Navarra,2020-03-20,664,222,25,9,1,110,652526,1.36,1.38,33.43
PV,País Vasco,2020-03-20,1725,654,71,85,165,260,2181919,4.93,3.9,37.91
RI,La Rioja,2020-03-20,564,128,17,15,18,67,314487,2.66,4.77,22.7
AN,Andalucía,2020-03-21,1725,724,55,47,38,210,8446561,2.72,0.56,41.97
AR,Aragon,2020-03-21,532,241,45,24,3,108,1324397,4.51,1.81,45.3
AS,Asturias,2020-03-21,545,171,15,8,20,59,1019993,1.47,0.78,31.38
IB,Islas Baleares,2020-03-21,331,79,14,4,17,85,1198576,1.21,0.33,23.87
CN,Canarias,2020-03-21,414,150,32,9,7,66,2220270,2.17,0.41,36.23
CB,Cantabria,2020-03-21,282,116,9,5,11,67,581949,1.77,0.86,41.13
CM,Castilla-La Mancha,2020-03-21,1819,838,76,112,48,396,2038440,6.16,5.49,46.07
CL,Castilla y León,2020-03-21,1744,798,106,74,89,278,2402877,4.24,3.08,45.76
CT,Cataluña,2020-03-21,5046,1917,290,143,247,843,7609499,2.83,1.88,37.99
CE,Ceuta,2020-03-21,5,0,0,0,0,0,84434,0,0,0
VC,C. Valenciana,2020-03-21,1604,1136,152,69,30,241,4998711,4.3,1.38,70.82
EX,Extremadura,2020-03-21,384,87,8,14,8,30,1062797,3.65,1.32,22.66
GA,Galicia,2020-03-21,915,227,35,12,16,176,2698764,1.31,0.44,24.81
MD,Madrid,2020-03-21,9702,8441,834,1021,1899,781,6685471,10.52,15.27,87
ML,Melilla,2020-03-21,25,12,1,0,0,0,84286,0,0,48
MC,Murcia,2020-03-21,296,78,16,1,1,56,1494442,0.34,0.07,26.35
NC,Navarra,2020-03-21,794,288,30,14,4,130,652526,1.76,2.15,36.27
PV,País Vasco,2020-03-21,2097,988,81,97,216,372,2181919,4.63,4.45,47.11
RI,La Rioja,2020-03-21,654,134,17,18,18,90,314487,2.75,5.72,20.49
AN,Andalucía,2020-03-22,1961,865,77,58,50,236,8446561,2.96,0.69,44.11
AR,Aragon,2020-03-22,638,298,52,32,30,106,1324397,5.02,2.42,46.71
AS,Asturias,2020-03-22,594,194,22,12,21,49,1019993,2.02,1.18,32.66
IB,Islas Baleares,2020-03-22,400,87,27,10,18,69,1198576,2.5,0.83,21.75
CN,Canarias,2020-03-22,481,172,32,11,7,67,2220270,2.29,0.5,35.76
CB,Cantabria,2020-03-22,347,157,14,6,11,65,581949,1.73,1.03,45.24
CM,Castilla-La Mancha,2020-03-22,2078,1547,142,145,51,259,2038440,6.98,7.11,74.45
CL,Castilla y León,2020-03-22,2055,977,120,102,117,311,2402877,4.96,4.24,47.54
CT,Cataluña,2020-03-22,5747,2158,308,199,402,701,7609499,3.46,2.62,37.55
CE,Ceuta,2020-03-22,6,0,0,0,0,1,84434,0,0,0
VC,C. Valenciana,2020-03-22,1901,1311,181,94,36,297,4998711,4.94,1.88,68.96
EX,Extremadura,2020-03-22,493,131,13,18,6,109,1062797,3.65,1.69,26.57
GA,Galicia,2020-03-22,1208,270,47,18,19,293,2698764,1.49,0.67,22.35
MD,Madrid,2020-03-22,10575,9561,942,1263,2063,873,6685471,11.94,18.89,90.41
ML,Melilla,2020-03-22,28,12,1,0,0,3,84286,0,0,42.86
MC,Murcia,2020-03-22,345,80,23,2,1,49,1494442,0.58,0.13,23.19
NC,Navarra,2020-03-22,886,339,40,24,7,92,652526,2.71,3.68,38.26
PV,País Vasco,2020-03-22,2421,1252,92,120,283,324,2181919,4.96,5.5,51.71
RI,La Rioja,2020-03-22,747,166,22,22,18,93,314487,2.95,7,22.22
AN,Andalucía,2020-03-23,2471,1132,102,87,66,510,8446561,3.52,1.03,45.81
AR,Aragon,2020-03-23,758,384,66,37,3,120,1324397,4.88,2.79,50.66
AS,Asturias,2020-03-23,662,224,23,22,30,68,1019993,3.32,2.16,33.84
IB,Islas Baleares,2020-03-23,478,127,35,10,19,78,1198576,2.09,0.83,26.57
CN,Canarias,2020-03-23,557,207,36,16,8,76,2220270,2.87,0.72,37.16
CB,Cantabria,2020-03-23,425,200,16,9,12,78,581949,2.12,1.55,47.06
CM,Castilla-La Mancha,2020-03-23,2465,1826,182,216,53,387,2038440,8.76,10.6,74.08
CL,Castilla y León,2020-03-23,2460,1197,137,124,140,405,2402877,5.04,5.16,48.66
CT,Cataluña,2020-03-23,7864,3209,471,293,631,2117,7609499,3.73,3.85,40.81
CE,Ceuta,2020-03-23,6,0,0,0,0,0,84434,0,0,0
VC,C. Valenciana,2020-03-23,2167,1562,222,115,37,266,4998711,5.31,2.3,72.08
EX,Extremadura,2020-03-23,636,161,20,26,8,143,1062797,4.09,2.45,25.31
GA,Galicia,2020-03-23,1415,338,55,20,19,207,2698764,1.41,0.74,23.89
MD,Madrid,2020-03-23,12352,10443,1050,1535,2291,1777,6685471,12.43,22.96,84.55
ML,Melilla,2020-03-23,28,12,1,0,0,0,84286,0,0,42.86
MC,Murcia,2020-03-23,385,99,26,3,1,40,1494442,0.78,0.2,25.71
NC,Navarra,2020-03-23,1014,405,45,31,11,128,652526,3.06,4.75,39.94
PV,País Vasco,2020-03-23,2728,1425,106,133,344,307,2181919,4.88,6.1,52.24
RI,La Rioja,2020-03-23,802,206,24,30,24,55,314487,3.74,9.54,25.69
AN,Andalucía,2020-03-24,3010,1433,116,113,71,539,8446561,3.75,1.34,47.61
AR,Aragon,2020-03-24,907,459,75,40,4,149,1324397,4.41,3.02,50.61
AS,Asturias,2020-03-24,779,263,29,25,35,117,1019993,3.21,2.45,33.76
IB,Islas Baleares,2020-03-24,562,164,40,13,28,84,1198576,2.31,1.08,29.18
CN,Canarias,2020-03-24,657,235,43,21,15,100,2220270,3.2,0.95,35.77
CB,Cantabria,2020-03-24,510,241,18,14,12,85,581949,2.75,2.41,47.25
CM,Castilla-La Mancha,2020-03-24,2780,2162,210,263,71,315,2038440,9.46,12.9,77.77
CL,Castilla y León,2020-03-24,2940,1457,170,165,213,480,2402877,5.61,6.87,49.56
CT,Cataluña,2020-03-24,9937,4349,713,385,961,2073,7609499,3.87,5.06,43.77
CE,Ceuta,2020-03-24,9,2,1,0,0,3,84434,0,0,22.22
VC,C. Valenciana,2020-03-24,2616,1842,255,143,44,449,4998711,5.47,2.86,70.41
EX,Extremadura,2020-03-24,742,209,28,39,8,106,1062797,5.26,3.67,28.17
GA,Galicia,2020-03-24,1653,412,69,27,25,238,2698764,1.63,1,24.92
MD,Madrid,2020-03-24,14597,11153,1150,1825,3031,2245,6685471,12.5,27.3,76.41
ML,Melilla,2020-03-24,38,14,2,0,0,10,84286,0,0,36.84
MC,Murcia,2020-03-24,477,127,33,5,4,92,1494442,1.05,0.33,26.62
NC,Navarra,2020-03-24,1197,506,51,33,23,183,652526,2.76,5.06,42.27
PV,País Vasco,2020-03-24,3271,1577,119,155,466,543,2181919,4.74,7.1,48.21
RI,La Rioja,2020-03-24,928,254,33,37,43,126,314487,3.99,11.77,27.37
AN,Andalucía,2020-03-25,3406,1626,134,134,77,396,8446561,3.93,1.59,47.74
AR,Aragon,2020-03-25,1116,562,93,48,4,209,1324397,4.3,3.62,50.36
AS,Asturias,2020-03-25,841,300,34,27,40,62,1019993,3.21,2.65,35.67
IB,Islas Baleares,2020-03-25,660,205,43,17,39,98,1198576,2.58,1.42,31.06
CN,Canarias,2020-03-25,784,279,45,24,18,127,2220270,3.06,1.08,35.59
CB,Cantabria,2020-03-25,671,300,26,17,14,161,581949,2.53,2.92,44.71
CM,Castilla-La Mancha,2020-03-25,3383,2162,243,316,95,603,2038440,9.34,15.5,63.91
CL,Castilla y León,2020-03-25,3488,1823,202,206,308,548,2402877,5.91,8.57,52.26
CT,Cataluña,2020-03-25,11592,5371,764,501,1008,1655,7609499,4.32,6.58,46.33
CE,Ceuta,2020-03-25,10,2,2,0,0,1,84434,0,0,20
VC,C. Valenciana,2020-03-25,3200,2097,289,167,57,584,4998711,5.22,3.34,65.53
EX,Extremadura,2020-03-25,969,241,34,58,24,227,1062797,5.99,5.46,24.87
GA,Galicia,2020-03-25,1915,503,86,32,47,262,2698764,1.67,1.19,26.27
MD,Madrid,2020-03-25,17166,12440,1221,2090,3882,2569,6685471,12.18,31.26,72.47
ML,Melilla,2020-03-25,39,16,2,1,0,1,84286,2.56,1.19,41.03
MC,Murcia,2020-03-25,596,172,36,8,9,119,1494442,1.34,0.54,28.86
NC,Navarra,2020-03-25,1411,649,54,49,35,214,652526,3.47,7.51,46
PV,País Vasco,2020-03-25,3946,1907,137,180,621,675,2181919,4.56,8.25,48.33
RI,La Rioja,2020-03-25,995,316,36,43,48,67,314487,4.32,13.67,31.76
AN,Andalucía,2020-03-26,3793,1843,148,144,92,387,8446561,3.8,1.7,48.59
AR,Aragon,2020-03-26,1338,693,114,58,8,222,1324397,4.33,4.38,51.79
AS,Asturias,2020-03-26,900,339,47,29,52,59,1019993,3.22,2.84,37.67
IB,Islas Baleares,2020-03-26,755,237,46,22,67,95,1198576,2.91,1.84,31.39
CN,Canarias,2020-03-26,878,328,61,27,20,94,2220270,3.08,1.22,37.36
CB,Cantabria,2020-03-26,810,355,29,21,19,139,581949,2.59,3.61,43.83
CM,Castilla-La Mancha,2020-03-26,3934,2707,273,367,153,551,2038440,9.33,18,68.81
CL,Castilla y León,2020-03-26,4132,2214,228,252,423,644,2402877,6.1,10.49,53.58
CT,Cataluña,2020-03-26,12940,6714,972,685,1482,1348,7609499,5.29,9,51.89
CE,Ceuta,2020-03-26,17,2,2,0,0,7,84434,0,0,11.76
VC,C. Valenciana,2020-03-26,3532,2357,325,198,73,332,4998711,5.61,3.96,66.73
EX,Extremadura,2020-03-26,1231,277,41,69,33,262,1062797,5.61,6.49,22.5
GA,Galicia,2020-03-26,2322,557,98,43,67,407,2698764,1.85,1.59,23.99
MD,Madrid,2020-03-26,19243,13580,1312,2412,5044,2077,6685471,12.53,36.08,70.57
ML,Melilla,2020-03-26,42,18,2,1,0,3,84286,2.38,1.19,42.86
MC,Murcia,2020-03-26,714,209,53,15,12,118,1494442,2.1,1,29.27
NC,Navarra,2020-03-26,1641,732,75,58,70,230,652526,3.53,8.89,44.61
PV,País Vasco,2020-03-26,4601,2270,154,207,814,655,2181919,4.5,9.49,49.34
RI,La Rioja,2020-03-26,1236,388,43,55,62,241,314487,4.45,17.49,31.39
AN,Andalucía,2020-03-27,4277,2106,172,175,139,484,8446561,4.09,2.07,49.24
AR,Aragon,2020-03-27,1592,835,124,93,8,254,1324397,5.84,7.02,52.45
AS,Asturias,2020-03-27,1004,408,50,33,65,104,1019993,3.29,3.24,40.64
IB,Islas Baleares,2020-03-27,862,283,59,26,80,107,1198576,3.02,2.17,32.83
CN,Canarias,2020-03-27,1025,377,68,36,25,147,2220270,3.51,1.62,36.78
CB,Cantabria,2020-03-27,937,406,37,22,21,127,581949,2.35,3.78,43.33
CM,Castilla-La Mancha,2020-03-27,4512,2977,289,448,197,578,2038440,9.93,21.98,65.98
CL,Castilla y León,2020-03-27,4791,2648,249,321,585,659,2402877,6.7,13.36,55.27
CT,Cataluña,2020-03-27,14263,7954,1036,827,1717,1323,7609499,5.8,10.87,55.77
CE,Ceuta,2020-03-27,17,2,2,1,0,0,84434,5.88,1.18,11.76
VC,C. Valenciana,2020-03-27,4034,2606,348,234,92,502,4998711,5.8,4.68,64.6
EX,Extremadura,2020-03-27,1394,312,40,88,49,163,1062797,6.31,8.28,22.38
GA,Galicia,2020-03-27,2772,906,112,47,95,450,2698764,1.7,1.74,32.68
MD,Madrid,2020-03-27,21520,14211,1404,2757,6326,2277,6685471,12.81,41.24,66.04
ML,Melilla,2020-03-27,45,22,2,1,0,3,84286,2.22,1.19,48.89
MC,Murcia,2020-03-27,802,231,58,17,12,88,1494442,2.12,1.14,28.8
NC,Navarra,2020-03-27,1829,827,84,70,98,188,652526,3.83,10.73,45.22
PV,País Vasco,2020-03-27,5136,2612,176,241,1023,535,2181919,4.69,11.05,50.86
RI,La Rioja,2020-03-27,1436,458,43,65,364,200,314487,4.53,20.67,31.89
AN,Andalucía,2020-03-28,4682,2294,201,207,148,405,8446561,4.42,2.45,49
AR,Aragon,2020-03-28,1858,835,124,104,8,266,1324397,5.6,7.85,44.94
AS,Asturias,2020-03-28,1088,466,57,41,76,84,1019993,3.77,4.02,42.83
IB,Islas Baleares,2020-03-28,958,345,71,29,82,96,1198576,3.03,2.42,36.01
CN,Canarias,2020-03-28,1125,425,78,39,30,100,2220270,3.47,1.76,37.78
CB,Cantabria,2020-03-28,1023,449,40,26,24,86,581949,2.54,4.47,43.89
CM,Castilla-La Mancha,2020-03-28,5246,3018,299,539,236,734,2038440,10.27,26.44,57.53
CL,Castilla y León,2020-03-28,5414,3160,278,380,752,623,2402877,7.02,15.81,58.37
CT,Cataluña,2020-03-28,15025,8447,1080,904,1966,762,7609499,6.02,11.88,56.22
CE,Ceuta,2020-03-28,21,2,2,1,0,4,84434,4.76,1.18,9.52
VC,C. Valenciana,2020-03-28,4784,2773,375,267,161,750,4998711,5.58,5.34,57.96
EX,Extremadura,2020-03-28,1456,313,41,100,51,62,1062797,6.87,9.41,21.5
GA,Galicia,2020-03-28,3139,1043,123,60,153,367,2698764,1.91,2.22,33.23
MD,Madrid,2020-03-28,22677,14454,1429,3082,7491,1157,6685471,13.59,46.1,63.74
ML,Melilla,2020-03-28,48,24,2,1,0,3,84286,2.08,1.19,50
MC,Murcia,2020-03-28,872,260,58,20,16,70,1494442,2.29,1.34,29.82
NC,Navarra,2020-03-28,2011,896,90,84,125,182,652526,4.18,12.87,44.55
PV,País Vasco,2020-03-28,5740,3106,271,265,1503,604,2181919,4.62,12.15,54.11
RI,La Rioja,2020-03-28,1629,497,43,68,397,193,314487,4.17,21.62,30.51
AN,Andalucía,2020-03-29,5405,2671,216,236,155,723,8446561,4.37,2.79,49.42
AR,Aragon,2020-03-29,2078,1094,156,106,174,220,1324397,5.1,8,52.65
AS,Asturias,2020-03-29,1158,479,60,49,78,70,1019993,4.23,4.8,41.36
IB,Islas Baleares,2020-03-29,1000,353,80,37,100,42,1198576,3.7,3.09,35.3
CN,Canarias,2020-03-29,1204,444,84,40,32,79,2220270,3.32,1.8,36.88
CB,Cantabria,2020-03-29,1100,481,46,27,24,77,581949,2.45,4.64,43.73
CM,Castilla-La Mancha,2020-03-29,5858,3134,302,622,252,612,2038440,10.62,30.51,53.5
CL,Castilla y León,2020-03-29,5801,3411,307,442,871,387,2402877,7.62,18.39,58.8
CT,Cataluña,2020-03-29,16104,9126,1150,983,2168,1079,7609499,6.1,12.92,56.67
CE,Ceuta,2020-03-29,25,2,2,1,0,4,84434,4,1.18,8
VC,C. Valenciana,2020-03-29,5110,2914,393,310,185,326,4998711,6.07,6.2,57.03
EX,Extremadura,2020-03-29,1560,353,43,106,60,104,1062797,6.79,9.97,22.63
GA,Galicia,2020-03-29,3723,1147,134,66,168,584,2698764,1.77,2.45,30.81
MD,Madrid,2020-03-29,24090,14917,1460,3392,8301,1413,6685471,14.08,50.74,61.92
ML,Melilla,2020-03-29,51,27,3,1,0,3,84286,1.96,1.19,52.94
MC,Murcia,2020-03-29,939,265,58,25,17,67,1494442,2.66,1.67,28.22
NC,Navarra,2020-03-29,2146,955,96,102,161,135,652526,4.75,15.63,44.5
PV,País Vasco,2020-03-29,6057,3427,293,297,1646,317,2181919,4.9,13.61,56.58
RI,La Rioja,2020-03-29,1733,517,43,71,431,104,314487,4.1,22.58,29.83
AN,Andalucía,2020-03-30,5818,2867,235,248,160,413,8446561,4.26,2.94,49.28
AR,Aragon,2020-03-30,2272,1176,165,138,204,194,1324397,6.07,10.42,51.76
AS,Asturias,2020-03-30,1236,529,65,55,90,78,1019993,4.45,5.39,42.8
IB,Islas Baleares,2020-03-30,1069,399,85,42,111,69,1198576,3.93,3.5,37.32
CN,Canarias,2020-03-30,1262,483,94,55,57,58,2220270,4.36,2.48,38.27
CB,Cantabria,2020-03-30,1171,522,50,37,35,71,581949,3.16,6.36,44.58
CM,Castilla-La Mancha,2020-03-30,6424,3225,344,708,296,566,2038440,11.02,34.73,50.2
CL,Castilla y León,2020-03-30,6211,3629,325,516,1028,410,2402877,8.31,21.47,58.43
CT,Cataluña,2020-03-30,18520,9925,1218,1216,2633,2416,7609499,6.57,15.98,53.59
CE,Ceuta,2020-03-30,34,3,3,1,0,9,84434,2.94,1.18,8.82
VC,C. Valenciana,2020-03-30,5508,3111,416,339,200,398,4998711,6.15,6.78,56.48
EX,Extremadura,2020-03-30,1628,371,51,133,91,68,1062797,8.17,12.51,22.79
GA,Galicia,2020-03-30,4039,1250,149,84,187,316,2698764,2.08,3.11,30.95
MD,Madrid,2020-03-30,27509,15140,1514,3603,9330,3419,6685471,13.1,53.89,55.04
ML,Melilla,2020-03-30,54,27,3,1,0,3,84286,1.85,1.19,50
MC,Murcia,2020-03-30,974,283,59,34,20,35,1494442,3.49,2.28,29.06
NC,Navarra,2020-03-30,2305,1035,99,113,192,159,652526,4.9,17.32,44.9
PV,País Vasco,2020-03-30,6320,3594,307,325,1796,263,2181919,5.14,14.9,56.87
RI,La Rioja,2020-03-30,1810,575,51,85,496,77,314487,4.7,27.03,31.77
AN,Andalucía,2020-03-31,6392,3147,260,308,182,574,8446561,4.82,3.65,49.23
AR,Aragon,2020-03-31,2491,1234,168,169,257,219,1324397,6.78,12.76,49.54
AS,Asturias,2020-03-31,1322,590,76,63,109,86,1019993,4.77,6.18,44.63
IB,Islas Baleares,2020-03-31,1131,468,95,46,170,62,1198576,4.07,3.84,41.38
CN,Canarias,2020-03-31,1380,532,110,62,77,118,2220270,4.49,2.79,38.55
CB,Cantabria,2020-03-31,1213,543,54,54,43,42,581949,4.45,9.28,44.77
CM,Castilla-La Mancha,2020-03-31,7047,3230,353,774,397,623,2038440,10.98,37.97,45.84
CL,Castilla y León,2020-03-31,6847,3951,345,585,1259,636,2402877,8.54,24.35,57.7
CT,Cataluña,2020-03-31,19991,11446,1345,1458,3077,1471,7609499,7.29,19.16,57.26
CE,Ceuta,2020-03-31,51,6,3,1,0,17,84434,1.96,1.18,11.76
VC,C. Valenciana,2020-03-31,5922,3253,434,395,240,414,4998711,6.67,7.9,54.93
EX,Extremadura,2020-03-31,1679,372,58,152,113,51,1062797,9.05,14.3,22.16
GA,Galicia,2020-03-31,4432,1338,158,103,259,393,2698764,2.32,3.82,30.19
MD,Madrid,2020-03-31,29840,15227,1514,3865,10827,2331,6685471,12.95,57.81,51.03
ML,Melilla,2020-03-31,62,32,3,1,0,8,84286,1.61,1.19,51.61
MC,Murcia,2020-03-31,1041,304,59,37,43,67,1494442,3.55,2.48,29.2
NC,Navarra,2020-03-31,2497,1120,104,130,236,192,652526,5.21,19.92,44.85
PV,País Vasco,2020-03-31,6838,3806,324,369,2165,518,2181919,5.4,16.91,55.66
RI,La Rioja,2020-03-31,1960,619,54,90,569,150,314487,4.59,28.62,31.58
AN,Andalucía,2020-04-01,6972,3444,280,343,228,580,8446561,4.92,4.06,49.4
AR,Aragon,2020-04-01,2700,1320,178,200,320,209,1324397,7.41,15.1,48.89
AS,Asturias,2020-04-01,1384,640,79,69,135,62,1019993,4.99,6.76,46.24
IB,Islas Baleares,2020-04-01,1204,517,105,58,239,73,1198576,4.82,4.84,42.94
CN,Canarias,2020-04-01,1444,566,113,68,94,64,2220270,4.71,3.06,39.2
CB,Cantabria,2020-04-01,1268,567,57,60,60,55,581949,4.73,10.31,44.72
CM,Castilla-La Mancha,2020-04-01,7682,3230,355,854,494,635,2038440,11.12,41.89,42.05
CL,Castilla y León,2020-04-01,7355,4207,353,641,1498,508,2402877,8.72,26.68,57.2
CT,Cataluña,2020-04-01,21804,12398,1415,1629,3683,1813,7609499,7.47,21.41,56.86
CE,Ceuta,2020-04-01,55,7,3,1,0,4,84434,1.82,1.18,12.73
VC,C. Valenciana,2020-04-01,6308,3389,449,443,432,386,4998711,7.02,8.86,53.73
EX,Extremadura,2020-04-01,1837,412,62,181,139,158,1062797,9.85,17.03,22.43
GA,Galicia,2020-04-01,4842,1447,165,120,333,410,2698764,2.48,4.45,29.88
MD,Madrid,2020-04-01,32155,15227,1528,4175,12400,2315,6685471,12.98,62.45,47.35
ML,Melilla,2020-04-01,62,32,3,1,0,0,84286,1.61,1.19,51.61
MC,Murcia,2020-04-01,1084,389,68,42,45,43,1494442,3.87,2.81,35.89
NC,Navarra,2020-04-01,2682,1181,108,141,278,185,652526,5.26,21.61,44.03
PV,País Vasco,2020-04-01,7317,4087,344,412,2490,479,2181919,5.63,18.88,55.86
RI,La Rioja,2020-04-01,2083,660,57,101,641,123,314487,4.85,32.12,31.69
AN,Andalucía,2020-04-02,7374,3673,338,376,258,402,8446561,5.1,4.45,49.81
AR,Aragon,2020-04-02,2889,1431,180,224,378,189,1324397,7.75,16.91,49.53
AS,Asturias,2020-04-02,1433,702,86,70,154,49,1019993,4.88,6.86,48.99
IB,Islas Baleares,2020-04-02,1257,587,112,69,375,53,1198576,5.49,5.76,46.7
CN,Canarias,2020-04-02,1490,605,120,73,102,46,2220270,4.9,3.29,40.6
CB,Cantabria,2020-04-02,1321,592,59,64,74,53,581949,4.84,11,44.81
CM,Castilla-La Mancha,2020-04-02,8523,3168,355,916,579,841,2038440,10.75,44.94,37.17
CL,Castilla y León,2020-04-02,7875,4472,355,723,1759,520,2402877,9.18,30.09,56.79
CT,Cataluña,2020-04-02,23460,13101,1482,1784,3876,1656,7609499,7.6,23.44,55.84
CE,Ceuta,2020-04-02,62,8,3,1,2,7,84434,1.61,1.18,12.9
VC,C. Valenciana,2020-04-02,6624,3492,460,511,592,316,4998711,7.71,10.22,52.72
EX,Extremadura,2020-04-02,1893,415,64,200,164,56,1062797,10.57,18.82,21.92
GA,Galicia,2020-04-02,5219,1630,178,138,435,377,2698764,2.64,5.11,31.23
MD,Madrid,2020-04-02,34188,15050,1506,4483,13850,2033,6685471,13.11,67.06,44.02
ML,Melilla,2020-04-02,70,34,3,2,4,8,84286,2.86,2.37,48.57
MC,Murcia,2020-04-02,1145,405,72,46,90,61,1494442,4.02,3.08,35.37
NC,Navarra,2020-04-02,2836,1284,119,151,294,154,652526,5.32,23.14,45.28
PV,País Vasco,2020-04-02,7827,4283,363,444,2809,510,2181919,5.67,20.35,54.72
RI,La Rioja,2020-04-02,2224,738,64,109,745,141,314487,4.9,34.66,33.18
AN,Andalucía,2020-04-03,7869,3896,364,426,463,495,8446561,5.41,5.04,49.51
AR,Aragon,2020-04-03,3078,1505,190,251,440,189,1324397,8.15,18.95,48.9
AS,Asturias,2020-04-03,1522,766,87,76,190,89,1019993,4.99,7.45,50.33
IB,Islas Baleares,2020-04-03,1271,634,114,71,422,14,1198576,5.59,5.92,49.88
CN,Canarias,2020-04-03,1564,632,128,78,123,74,2220270,4.99,3.51,40.41
CB,Cantabria,2020-04-03,1384,619,60,68,99,63,581949,4.91,11.68,44.73
CM,Castilla-La Mancha,2020-04-03,9324,3133,360,989,657,801,2038440,10.61,48.52,33.6
CL,Castilla y León,2020-04-03,8332,4685,348,786,2021,457,2402877,9.43,32.71,56.23
CT,Cataluña,2020-04-03,24734,14251,1569,1928,4589,1274,7609499,7.79,25.34,57.62
CE,Ceuta,2020-04-03,73,8,4,1,2,11,84434,1.37,1.18,10.96
VC,C. Valenciana,2020-04-03,6901,3560,470,571,695,277,4998711,8.27,11.42,51.59
EX,Extremadura,2020-04-03,1979,453,64,208,205,86,1062797,10.51,19.57,22.89
GA,Galicia,2020-04-03,5625,1767,178,159,531,406,2698764,2.83,5.89,31.41
MD,Madrid,2020-04-03,36249,14741,1498,4723,15362,2061,6685471,13.03,70.65,40.67
ML,Melilla,2020-04-03,79,37,3,2,9,9,84286,2.53,2.37,46.84
MC,Murcia,2020-04-03,1188,434,79,51,113,43,1494442,4.29,3.41,36.53
NC,Navarra,2020-04-03,2972,1341,120,171,311,136,652526,5.75,26.21,45.12
PV,País Vasco,2020-04-03,8187,4522,377,477,3098,360,2181919,5.83,21.86,55.23
RI,La Rioja,2020-04-03,2405,805,64,128,843,181,314487,5.32,40.7,33.47
AN,Andalucía,2020-04-04,8301,4107,474,470,665,432,8446561,5.66,5.56,49.48
AR,Aragon,2020-04-04,3232,1588,233,270,537,154,1324397,8.35,20.39,49.13
AS,Asturias,2020-04-04,1605,808,90,80,216,83,1019993,4.98,7.84,50.34
IB,Islas Baleares,2020-04-04,1293,664,120,75,461,22,1198576,5.8,6.26,51.35
CN,Canarias,2020-04-04,1622,644,129,80,137,58,2220270,4.93,3.6,39.7
CB,Cantabria,2020-04-04,1441,639,62,68,113,57,581949,4.72,11.68,44.34
CM,Castilla-La Mancha,2020-04-04,10031,2950,357,1055,1149,707,2038440,10.52,51.76,29.41
CL,Castilla y León,2020-04-04,8749,4905,351,847,2331,417,2402877,9.68,35.25,56.06
CT,Cataluña,2020-04-04,26032,14798,1653,2053,5149,1298,7609499,7.89,26.98,56.85
CE,Ceuta,2020-04-04,83,9,4,2,2,10,84434,2.41,2.37,10.84
VC,C. Valenciana,2020-04-04,7184,3620,478,613,812,283,4998711,8.53,12.26,50.39
EX,Extremadura,2020-04-04,2047,417,66,218,215,68,1062797,10.65,20.51,20.37
GA,Galicia,2020-04-04,5944,1831,170,174,587,319,2698764,2.93,6.45,30.8
MD,Madrid,2020-04-04,37584,14551,1499,4941,16543,1335,6685471,13.15,73.91,38.72
ML,Melilla,2020-04-04,83,38,3,2,11,4,84286,2.41,2.37,45.78
MC,Murcia,2020-04-04,1235,447,80,59,130,47,1494442,4.78,3.95,36.19
NC,Navarra,2020-04-04,3073,1399,123,178,334,101,652526,5.79,27.28,45.53
PV,País Vasco,2020-04-04,8628,4666,404,515,3405,441,2181919,5.97,23.6,54.08
RI,La Rioja,2020-04-04,2592,855,66,134,904,187,314487,5.17,42.61,32.99
AN,Andalucía,2020-04-05,8581,4227,489,491,798,280,8446561,5.72,5.81,49.26
AR,Aragon,2020-04-05,3347,1637,237,284,565,115,1324397,8.49,21.44,48.91
AS,Asturias,2020-04-05,1646,846,90,86,222,41,1019993,5.22,8.43,51.4
IB,Islas Baleares,2020-04-05,1320,683,121,81,531,27,1198576,6.14,6.76,51.74
CN,Canarias,2020-04-05,1649,651,133,85,157,27,2220270,5.15,3.83,39.48
CB,Cantabria,2020-04-05,1483,658,65,77,118,42,581949,5.19,13.23,44.37
CM,Castilla-La Mancha,2020-04-05,10602,2901,354,1132,1259,571,2038440,10.68,55.53,27.36
CL,Castilla y León,2020-04-05,9116,5041,348,919,2533,367,2402877,10.08,38.25,55.3
CT,Cataluña,2020-04-05,26824,15258,1685,2167,5374,792,7609499,8.08,28.48,56.88
CE,Ceuta,2020-04-05,83,9,4,3,2,0,84434,3.61,3.55,10.84
VC,C. Valenciana,2020-04-05,7334,3668,487,637,930,150,4998711,8.69,12.74,50.01
EX,Extremadura,2020-04-05,2068,453,66,228,223,21,1062797,11.03,21.45,21.91
GA,Galicia,2020-04-05,6151,1916,170,190,610,207,2698764,3.09,7.04,31.15
MD,Madrid,2020-04-05,38723,14501,1510,5136,17322,1139,6685471,13.26,76.82,37.45
ML,Melilla,2020-04-05,86,38,3,2,11,3,84286,2.33,2.37,44.19
MC,Murcia,2020-04-05,1259,468,81,68,156,24,1494442,5.4,4.55,37.17
NC,Navarra,2020-04-05,3231,1432,124,187,380,158,652526,5.79,28.66,44.32
PV,País Vasco,2020-04-05,8810,4794,410,548,3568,182,2181919,6.22,25.12,54.42
RI,La Rioja,2020-04-05,2719,888,66,141,964,127,314487,5.19,44.83,32.66
AN,Andalucía,2020-04-06,8767,4335,499,528,900,186,8446561,6.02,6.25,49.45
AR,Aragon,2020-04-06,3449,1663,247,312,578,102,1324397,9.05,23.56,48.22
AS,Asturias,2020-04-06,1679,889,91,96,244,33,1019993,5.72,9.41,52.95
IB,Islas Baleares,2020-04-06,1369,705,124,84,537,49,1198576,6.14,7.01,51.5
CN,Canarias,2020-04-06,1725,689,137,89,186,76,2220270,5.16,4.01,39.94
CB,Cantabria,2020-04-06,1501,677,66,85,129,18,581949,5.66,14.61,45.1
CM,Castilla-La Mancha,2020-04-06,11077,2908,360,1177,1353,475,2038440,10.63,57.74,26.25
CL,Castilla y León,2020-04-06,9581,5180,346,982,2711,465,2402877,10.25,40.87,54.07
CT,Cataluña,2020-04-06,28323,15643,1740,2329,6150,1499,7609499,8.22,30.61,55.23
CE,Ceuta,2020-04-06,83,9,4,4,2,0,84434,4.82,4.74,10.84
VC,C. Valenciana,2020-04-06,7443,3698,492,672,1103,109,4998711,9.03,13.44,49.68
EX,Extremadura,2020-04-06,2116,686,70,258,282,48,1062797,12.19,24.28,32.42
GA,Galicia,2020-04-06,6331,1968,162,204,688,180,2698764,3.22,7.56,31.09
MD,Madrid,2020-04-06,40469,13950,1494,5371,18410,1746,6685471,13.27,80.34,34.47
ML,Melilla,2020-04-06,92,40,3,2,11,6,84286,2.17,2.37,43.48
MC,Murcia,2020-04-06,1283,500,84,78,193,24,1494442,6.08,5.22,38.97
NC,Navarra,2020-04-06,3355,1488,124,202,421,124,652526,6.02,30.96,44.35
PV,País Vasco,2020-04-06,9021,4856,417,586,3728,211,2181919,6.5,26.86,53.83
RI,La Rioja,2020-04-06,2846,918,66,160,994,127,314487,5.62,50.88,32.26
AN,Andalucía,2020-04-07,8997,4463,520,605,1041,230,8446561,6.72,7.16,49.61
AR,Aragon,2020-04-07,3549,1716,255,349,659,100,1324397,9.83,26.35,48.35
AS,Asturias,2020-04-07,1705,958,91,102,294,26,1019993,5.98,10,56.19
IB,Islas Baleares,2020-04-07,1412,731,129,89,616,43,1198576,6.3,7.43,51.77
CN,Canarias,2020-04-07,1762,703,138,91,249,37,2220270,5.16,4.1,39.9
CB,Cantabria,2020-04-07,1572,700,69,92,175,71,581949,5.85,15.81,44.53
CM,Castilla-La Mancha,2020-04-07,11788,2731,354,1255,1557,711,2038440,10.65,61.57,23.17
CL,Castilla y León,2020-04-07,10058,5322,342,1028,2988,477,2402877,10.22,42.78,52.91
CT,Cataluña,2020-04-07,29647,16235,1829,2462,7320,1324,7609499,8.3,32.35,54.76
CE,Ceuta,2020-04-07,84,9,4,4,7,1,84434,4.76,4.74,10.71
VC,C. Valenciana,2020-04-07,7655,3713,496,724,1344,212,4998711,9.46,14.48,48.5
EX,Extremadura,2020-04-07,2184,898,98,271,328,68,1062797,12.41,25.5,41.12
GA,Galicia,2020-04-07,6538,2014,158,213,800,207,2698764,3.26,7.89,30.8
MD,Madrid,2020-04-07,42450,13289,1450,5586,19836,1981,6685471,13.16,83.55,31.31
ML,Melilla,2020-04-07,93,40,3,2,12,1,84286,2.15,2.37,43.01
MC,Murcia,2020-04-07,1326,515,86,85,203,43,1494442,6.41,5.69,38.84
NC,Navarra,2020-04-07,3467,1526,124,206,450,112,652526,5.94,31.57,44.01
PV,País Vasco,2020-04-07,9452,4982,430,635,4151,431,2181919,6.72,29.1,52.71
RI,La Rioja,2020-04-07,2951,955,68,177,1061,105,314487,6,56.28,32.36
AN,Andalucía,2020-04-08,9261,4599,538,652,1193,264,8446561,7.04,7.72,49.66
AR,Aragon,2020-04-08,3685,1765,261,385,718,136,1324397,10.45,29.07,47.9
AS,Asturias,2020-04-08,1737,1018,94,110,340,32,1019993,6.33,10.78,58.61
IB,Islas Baleares,2020-04-08,1448,751,132,89,696,36,1198576,6.15,7.43,51.86
CN,Canarias,2020-04-08,1834,730,140,92,359,72,2220270,5.02,4.14,39.8
CB,Cantabria,2020-04-08,1619,720,71,98,214,47,581949,6.05,16.84,44.47
CM,Castilla-La Mancha,2020-04-08,12489,2575,342,1322,1766,701,2038440,10.59,64.85,20.62
CL,Castilla y León,2020-04-08,10518,5523,338,1082,3242,460,2402877,10.29,45.03,52.51
CT,Cataluña,2020-04-08,31043,16970,1946,2667,8014,1396,7609499,8.59,35.05,54.67
CE,Ceuta,2020-04-08,84,9,4,4,7,0,84434,4.76,4.74,10.71
VC,C. Valenciana,2020-04-08,7964,3815,541,767,1772,309,4998711,9.63,15.34,47.9
EX,Extremadura,2020-04-08,2273,958,99,283,381,89,1062797,12.45,26.63,42.15
GA,Galicia,2020-04-08,6758,2094,155,231,910,220,2698764,3.42,8.56,30.99
MD,Madrid,2020-04-08,43877,12853,1433,5800,21121,1427,6685471,13.22,86.76,29.29
ML,Melilla,2020-04-08,93,40,3,2,16,0,84286,2.15,2.37,43.01
MC,Murcia,2020-04-08,1356,533,87,88,219,30,1494442,6.49,5.89,39.31
NC,Navarra,2020-04-08,3575,1526,124,214,462,108,652526,5.99,32.8,42.69
PV,País Vasco,2020-04-08,9806,5130,433,689,4514,354,2181919,7.03,31.58,52.31
RI,La Rioja,2020-04-08,3026,997,69,182,1172,75,314487,6.01,57.87,32.95
AN,Andalucía,2020-04-09,9510,4715,582,691,1437,249,8446561,7.27,8.18,49.58
AR,Aragon,2020-04-09,3831,1822,263,409,797,146,1324397,10.68,30.88,47.56
AS,Asturias,2020-04-09,1799,1083,100,121,372,62,1019993,6.73,11.86,60.2
IB,Islas Baleares,2020-04-09,1488,777,136,97,737,40,1198576,6.52,8.09,52.22
CN,Canarias,2020-04-09,1858,738,141,94,386,24,2220270,5.06,4.23,39.72
CB,Cantabria,2020-04-09,1659,747,73,102,265,40,581949,6.15,17.53,45.03
CM,Castilla-La Mancha,2020-04-09,13063,2359,329,1431,1982,574,2038440,10.95,70.2,18.06
CL,Castilla y León,2020-04-09,11102,5674,332,1129,3506,584,2402877,10.17,46.99,51.11
CT,Cataluña,2020-04-09,31824,17780,1966,2787,8705,781,7609499,8.76,36.63,55.87
CE,Ceuta,2020-04-09,91,9,4,4,12,7,84434,4.4,4.74,9.89
VC,C. Valenciana,2020-04-09,8331,3987,561,796,2085,367,4998711,9.55,15.92,47.86
EX,Extremadura,2020-04-09,2332,1003,101,288,397,59,1062797,12.35,27.1,43.01
GA,Galicia,2020-04-09,6946,2165,151,243,997,188,2698764,3.5,9,31.17
MD,Madrid,2020-04-09,44783,12432,1399,5972,22414,906,6685471,13.34,89.33,27.76
ML,Melilla,2020-04-09,95,41,3,2,17,2,84286,2.11,2.37,43.16
MC,Murcia,2020-04-09,1383,533,88,90,255,27,1494442,6.51,6.02,38.54
NC,Navarra,2020-04-09,3748,1620,124,218,560,173,652526,5.82,33.41,43.22
PV,País Vasco,2020-04-09,10103,5290,442,729,4680,297,2181919,7.22,33.41,52.36
RI,La Rioja,2020-04-09,3076,1047,71,196,1256,50,314487,6.37,62.32,34.04
AN,Andalucía,2020-04-10,9712,4808,602,737,1630,202,8446561,7.59,8.73,49.51
AR,Aragon,2020-04-10,3969,1860,266,425,888,138,1324397,10.71,32.09,46.86
AS,Asturias,2020-04-10,1827,1147,105,128,414,28,1019993,7.01,12.55,62.78
IB,Islas Baleares,2020-04-10,1507,778,137,102,757,19,1198576,6.77,8.51,51.63
CN,Canarias,2020-04-10,1887,745,144,95,432,29,2220270,5.03,4.28,39.48
CB,Cantabria,2020-04-10,1719,773,75,107,281,60,581949,6.22,18.39,44.97
CM,Castilla-La Mancha,2020-04-10,13456,2198,316,1483,2205,393,2038440,11.02,72.75,16.33
CL,Castilla y León,2020-04-10,11543,5817,327,1180,3757,441,2402877,10.22,49.11,50.39
CT,Cataluña,2020-04-10,32984,18194,1989,2877,9267,1160,7609499,8.72,37.81,55.16
CE,Ceuta,2020-04-10,93,9,4,4,17,2,84434,4.3,4.74,9.68
VC,C. Valenciana,2020-04-10,8578,4132,565,818,2289,247,4998711,9.54,16.36,48.17
EX,Extremadura,2020-04-10,2486,1052,104,303,462,154,1062797,12.19,28.51,42.32
GA,Galicia,2020-04-10,7176,2215,144,261,1082,230,2698764,3.64,9.67,30.87
MD,Madrid,2020-04-10,45849,11894,1376,6084,23663,1066,6685471,13.27,91,25.94
ML,Melilla,2020-04-10,98,43,3,2,18,3,84286,2.04,2.37,43.88
MC,Murcia,2020-04-10,1413,533,88,94,275,30,1494442,6.65,6.29,37.72
NC,Navarra,2020-04-10,3817,1641,124,227,603,69,652526,5.95,34.79,42.99
PV,País Vasco,2020-04-10,10515,5402,453,765,4741,412,2181919,7.28,35.06,51.37
RI,La Rioja,2020-04-10,3223,1082,73,207,1337,147,314487,6.42,65.82,33.57
AN,Andalucía,2020-04-11,10006,4950,619,799,1838,294,8446561,7.99,9.46,49.47
AR,Aragon,2020-04-11,4070,1901,272,450,934,101,1324397,11.06,33.98,46.71
AS,Asturias,2020-04-11,1892,1208,106,140,430,65,1019993,7.4,13.73,63.85
IB,Islas Baleares,2020-04-11,1534,805,142,112,848,27,1198576,7.3,9.34,52.48
CN,Canarias,2020-04-11,1918,758,144,95,447,31,2220270,4.95,4.28,39.52
CB,Cantabria,2020-04-11,1752,805,75,110,297,33,581949,6.28,18.9,45.95
CM,Castilla-La Mancha,2020-04-11,13698,6838,316,1543,2365,242,2038440,11.26,75.7,49.92
CL,Castilla y León,2020-04-11,12118,5957,323,1221,4010,575,2402877,10.08,50.81,49.16
CT,Cataluña,2020-04-11,34027,18772,2018,2975,9610,1043,7609499,8.74,39.1,55.17
CE,Ceuta,2020-04-11,93,9,4,4,17,0,84434,4.3,4.74,9.68
VC,C. Valenciana,2020-04-11,8841,4149,567,838,2624,263,4998711,9.48,16.76,46.93
EX,Extremadura,2020-04-11,2580,1074,106,312,481,94,1062797,12.09,29.36,41.63
GA,Galicia,2020-04-11,7336,2306,140,274,1143,160,2698764,3.74,10.15,31.43
MD,Madrid,2020-04-11,46587,11424,1332,6278,24683,738,6685471,13.48,93.91,24.52
ML,Melilla,2020-04-11,98,43,3,2,18,0,84286,2.04,2.37,43.88
MC,Murcia,2020-04-11,1449,537,91,97,344,36,1494442,6.69,6.49,37.06
NC,Navarra,2020-04-11,3969,1663,124,232,650,152,652526,5.85,35.55,41.9
PV,País Vasco,2020-04-11,10772,5547,459,804,4867,257,2181919,7.46,36.85,51.49
RI,La Rioja,2020-04-11,3279,1122,73,219,1420,56,314487,6.68,69.64,34.22
AN,Andalucía,2020-04-12,10095,4993,621,815,1967,89,8446561,8.07,9.65,49.46
AR,Aragon,2020-04-12,4187,1938,274,464,946,117,1324397,11.08,35.03,46.29
AS,Asturias,2020-04-12,1958,1265,110,149,434,66,1019993,7.61,14.61,64.61
IB,Islas Baleares,2020-04-12,1550,811,143,117,862,16,1198576,7.55,9.76,52.32
CN,Canarias,2020-04-12,1944,763,145,96,458,26,2220270,4.94,4.32,39.25
CB,Cantabria,2020-04-12,1777,827,75,117,317,25,581949,6.58,20.1,46.54
CM,Castilla-La Mancha,2020-04-12,14054,7782,475,1626,2532,356,2038440,11.57,79.77,55.37
CL,Castilla y León,2020-04-12,12628,6077,312,1263,4154,510,2402877,10,52.56,48.12
CT,Cataluña,2020-04-12,34726,18963,2084,3105,10040,699,7609499,8.94,40.8,54.61
CE,Ceuta,2020-04-12,95,9,4,4,20,2,84434,4.21,4.74,9.47
VC,C. Valenciana,2020-04-12,9060,4269,576,876,2803,219,4998711,9.67,17.52,47.12
EX,Extremadura,2020-04-12,2658,1096,108,321,511,78,1062797,12.08,30.2,41.23
GA,Galicia,2020-04-12,7494,2344,136,284,1186,158,2698764,3.79,10.52,31.28
MD,Madrid,2020-04-12,47146,11233,1327,6423,25385,559,6685471,13.62,96.07,23.83
ML,Melilla,2020-04-12,101,43,3,2,18,3,84286,1.98,2.37,42.57
MC,Murcia,2020-04-12,1463,543,94,101,353,14,1494442,6.9,6.76,37.12
NC,Navarra,2020-04-12,4092,1693,124,239,695,123,652526,5.84,36.63,41.37
PV,País Vasco,2020-04-12,11018,5622,464,831,5026,246,2181919,7.54,38.09,51.03
RI,La Rioja,2020-04-12,3358,1141,73,223,1458,79,314487,6.64,70.91,33.98
AN,Andalucía,2020-04-13,10203,5054,631,836,2032,108,8446561,8.19,9.9,49.53
AR,Aragon,2020-04-13,4245,1966,280,492,963,58,1324397,11.59,37.15,46.31
AS,Asturias,2020-04-13,2051,1330,111,156,458,93,1019993,7.61,15.29,64.85
IB,Islas Baleares,2020-04-13,1571,826,145,118,871,21,1198576,7.51,9.85,52.58
CN,Canarias,2020-04-13,1958,771,147,102,589,14,2220270,5.21,4.59,39.38
CB,Cantabria,2020-04-13,1796,853,76,120,323,19,581949,6.68,20.62,47.49
CM,Castilla-La Mancha,2020-04-13,14329,7830,486,1714,2943,275,2038440,11.96,84.08,54.64
CL,Castilla y León,2020-04-13,13180,6175,308,1299,4266,552,2402877,9.86,54.06,46.85
CT,Cataluña,2020-04-13,35197,19224,2102,3201,10387,471,7609499,9.09,42.07,54.62
CE,Ceuta,2020-04-13,96,9,4,4,22,1,84434,4.17,4.74,9.38
VC,C. Valenciana,2020-04-13,9213,4397,581,907,3069,153,4998711,9.84,18.14,47.73
EX,Extremadura,2020-04-13,2684,1114,108,334,578,26,1062797,12.44,31.43,41.51
GA,Galicia,2020-04-13,7597,2403,133,290,1240,103,2698764,3.82,10.75,31.63
MD,Madrid,2020-04-13,48048,10753,1299,6568,26247,902,6685471,13.67,98.24,22.38
ML,Melilla,2020-04-13,101,43,3,2,18,0,84286,1.98,2.37,42.57
MC,Murcia,2020-04-13,1487,566,96,106,476,24,1494442,7.13,7.09,38.06
NC,Navarra,2020-04-13,4150,1705,124,249,730,58,652526,6,38.16,41.08
PV,País Vasco,2020-04-13,11226,5679,470,859,5193,208,2181919,7.65,39.37,50.59
RI,La Rioja,2020-04-13,3420,1152,74,234,1519,62,314487,6.84,74.41,33.68
AN,Andalucía,2020-04-14,10426,5147,665,865,2224,223,8446561,8.3,10.24,49.37
AR,Aragon,2020-04-14,4338,2006,282,514,1012,93,1324397,11.85,38.81,46.24
AS,Asturias,2020-04-14,2096,1387,114,166,487,45,1019993,7.92,16.27,66.17
IB,Islas Baleares,2020-04-14,1606,857,149,125,881,35,1198576,7.78,10.43,53.36
CN,Canarias,2020-04-14,1975,781,152,104,622,17,2220270,5.27,4.68,39.54
CB,Cantabria,2020-04-14,1823,873,76,132,363,27,581949,7.24,22.68,47.89
CM,Castilla-La Mancha,2020-04-14,14680,7896,495,1755,2998,351,2038440,11.96,86.1,53.79
CL,Castilla y León,2020-04-14,13697,6306,306,1337,4521,517,2402877,9.76,55.64,46.04
CT,Cataluña,2020-04-14,36505,20264,2189,3453,11480,1308,7609499,9.46,45.38,55.51
CE,Ceuta,2020-04-14,98,9,4,4,30,2,84434,4.08,4.74,9.18
VC,C. Valenciana,2020-04-14,9424,4465,588,945,3360,211,4998711,10.03,18.9,47.38
EX,Extremadura,2020-04-14,2762,1155,109,342,615,78,1062797,12.38,32.18,41.82
GA,Galicia,2020-04-14,7708,2471,128,299,1298,111,2698764,3.88,11.08,32.06
MD,Madrid,2020-04-14,49526,10116,1244,6724,27433,1478,6685471,13.58,100.58,20.43
ML,Melilla,2020-04-14,102,43,3,2,24,1,84286,1.96,2.37,42.16
MC,Murcia,2020-04-14,1520,574,97,109,513,33,1494442,7.17,7.29,37.76
NC,Navarra,2020-04-14,4246,1731,124,252,808,96,652526,5.93,38.62,40.77
PV,País Vasco,2020-04-14,11475,5750,471,902,5428,249,2181919,7.86,41.34,50.11
RI,La Rioja,2020-04-14,3457,1182,75,246,1585,37,314487,7.12,78.22,34.19
AN,Andalucía,2020-04-15,10638,5226,671,912,2634,212,8446561,8.57,10.8,49.13
AR,Aragon,2020-04-15,4566,2108,291,543,1087,228,1324397,11.89,41,46.17
AS,Asturias,2020-04-15,2170,1432,116,168,522,74,1019993,7.74,16.47,65.99
IB,Islas Baleares,2020-04-15,1637,872,152,131,918,31,1198576,8,10.93,53.27
CN,Canarias,2020-04-15,1988,802,156,107,673,13,2220270,5.38,4.82,40.34
CB,Cantabria,2020-04-15,1845,890,77,137,442,22,581949,7.43,23.54,48.24
CM,Castilla-La Mancha,2020-04-15,15151,7987,503,1796,3378,471,2038440,11.85,88.11,52.72
CL,Castilla y León,2020-04-15,14380,6449,307,1372,4725,683,2402877,9.54,57.1,44.85
CT,Cataluña,2020-04-15,37354,20553,2252,3618,11961,849,7609499,9.69,47.55,55.02
CE,Ceuta,2020-04-15,100,9,4,4,41,2,84434,4,4.74,9
VC,C. Valenciana,2020-04-15,9615,4524,625,972,3702,191,4998711,10.11,19.45,47.05
EX,Extremadura,2020-04-15,2881,1186,110,359,649,119,1062797,12.46,33.78,41.17
GA,Galicia,2020-04-15,7873,2494,123,310,1383,165,2698764,3.94,11.49,31.68
MD,Madrid,2020-04-15,50694,9653,1206,6877,28491,1168,6685471,13.57,102.86,19.04
ML,Melilla,2020-04-15,103,43,3,2,27,1,84286,1.94,2.37,41.75
MC,Murcia,2020-04-15,1598,575,97,111,516,78,1494442,6.95,7.43,35.98
NC,Navarra,2020-04-15,4348,1752,124,261,845,102,652526,6,40,40.29
PV,País Vasco,2020-04-15,11790,5863,478,956,5813,315,2181919,8.11,43.81,49.73
RI,La Rioja,2020-04-15,3542,1207,75,257,1654,85,314487,7.26,81.72,34.08
AN,Andalucía,2020-04-16,10913,5298,675,940,2790,275,8446561,8.61,11.13,48.55
AR,Aragon,2020-04-16,4664,2151,240,562,1121,98,1324397,12.05,42.43,46.12
AS,Asturias,2020-04-16,2230,1474,118,174,545,60,1019993,7.8,17.06,66.1
IB,Islas Baleares,2020-04-16,1668,905,152,134,938,31,1198576,8.03,11.18,54.26
CN,Canarias,2020-04-16,2009,811,159,111,730,21,2220270,5.53,5,40.37
CB,Cantabria,2020-04-16,1884,903,78,144,510,39,581949,7.64,24.74,47.93
CM,Castilla-La Mancha,2020-04-16,15997,8018,511,1852,3600,846,2038440,11.58,90.85,50.12
CL,Castilla y León,2020-04-16,14903,6518,297,1401,4924,523,2402877,9.4,58.31,43.74
CT,Cataluña,2020-04-16,38316,21242,2305,3752,12787,962,7609499,9.79,49.31,55.44
CE,Ceuta,2020-04-16,101,9,4,4,44,1,84434,3.96,4.74,8.91
VC,C. Valenciana,2020-04-16,9719,4605,632,999,4024,104,4998711,10.28,19.99,47.38
EX,Extremadura,2020-04-16,3019,1212,110,372,707,138,1062797,12.32,35,40.15
GA,Galicia,2020-04-16,8013,2535,117,320,1456,140,2698764,3.99,11.86,31.64
MD,Madrid,2020-04-16,51993,9141,1154,7007,29436,1299,6685471,13.48,104.81,17.58
ML,Melilla,2020-04-16,104,44,3,2,30,1,84286,1.92,2.37,42.31
MC,Murcia,2020-04-16,1625,585,99,112,545,27,1494442,6.89,7.49,36
NC,Navarra,2020-04-16,4433,1781,124,338,892,85,652526,7.62,51.8,40.18
PV,País Vasco,2020-04-16,12089,5939,484,992,6144,299,2181919,8.21,45.46,49.13
RI,La Rioja,2020-04-16,3550,1226,76,262,1729,8,314487,7.38,83.31,34.54
AN,Andalucía,2020-04-17,11020,5341,677,967,2948,107,8446561,8.77,11.45,48.47
AR,Aragon,2020-04-17,4761,2180,243,601,1121,97,1324397,12.62,45.38,45.79
AS,Asturias,2020-04-17,2272,1520,119,187,575,42,1019993,8.23,18.33,66.9
IB,Islas Baleares,2020-04-17,1748,937,157,148,958,80,1198576,8.47,12.35,53.6
CN,Canarias,2020-04-17,2035,822,160,115,785,26,2220270,5.65,5.18,40.39
CB,Cantabria,2020-04-17,1990,911,78,149,534,106,581949,7.49,25.6,45.78
CM,Castilla-La Mancha,2020-04-17,16349,8093,514,1913,3838,352,2038440,11.7,93.85,49.5
CL,Castilla y León,2020-04-17,15293,6831,495,1429,5103,390,2402877,9.34,59.47,44.67
CT,Cataluña,2020-04-17,39943,22013,2349,3879,13275,1627,7609499,9.71,50.98,55.11
CE,Ceuta,2020-04-17,108,9,4,4,53,7,84434,3.7,4.74,8.33
VC,C. Valenciana,2020-04-17,9795,4708,636,1042,4306,76,4998711,10.64,20.85,48.07
EX,Extremadura,2020-04-17,3081,1240,112,380,736,62,1062797,12.33,35.75,40.25
GA,Galicia,2020-04-17,8084,2554,115,334,0,71,2698764,4.13,12.38,31.59
MD,Madrid,2020-04-17,52946,8597,1094,7132,30475,953,6685471,13.47,106.68,16.24
ML,Melilla,2020-04-17,104,44,3,2,30,0,84286,1.92,2.37,42.31
MC,Murcia,2020-04-17,1638,611,102,115,638,13,1494442,7.02,7.7,37.3
NC,Navarra,2020-04-17,4556,1829,127,354,954,123,652526,7.77,54.25,40.14
PV,País Vasco,2020-04-17,12355,6030,490,1020,6556,266,2181919,8.26,46.75,48.81
RI,La Rioja,2020-04-17,3648,1249,78,272,1777,98,314487,7.46,86.49,34.24
AN,Andalucía,2020-04-18,11205,5424,687,993,3116,185,8446561,8.86,11.76,48.41
AR,Aragon,2020-04-18,4831,2216,246,619,1175,70,1324397,12.81,46.74,45.87
AS,Asturias,2020-04-18,2298,1571,120,196,596,26,1019993,8.53,19.22,68.36
IB,Islas Baleares,2020-04-18,1773,955,160,155,993,25,1198576,8.74,12.93,53.86
CN,Canarias,2020-04-18,2047,825,162,119,789,12,2220270,5.81,5.36,40.3
CB,Cantabria,2020-04-18,2050,924,78,153,610,60,581949,7.46,26.29,45.07
CM,Castilla-La Mancha,2020-04-18,16625,8137,518,1963,3963,276,2038440,11.81,96.3,48.94
CL,Castilla y León,2020-04-18,15621,6981,498,1458,5262,328,2402877,9.33,60.68,44.69
CT,Cataluña,2020-04-18,40600,22235,2395,3933,13691,657,7609499,9.69,51.69,54.77
CE,Ceuta,2020-04-18,109,9,4,4,59,1,84434,3.67,4.74,8.26
VC,C. Valenciana,2020-04-18,9937,4781,643,1065,4547,142,4998711,10.72,21.31,48.11
EX,Extremadura,2020-04-18,3136,1278,112,384,767,55,1062797,12.24,36.13,40.75
GA,Galicia,2020-04-18,8185,2590,112,346,0,101,2698764,4.23,12.82,31.64
MD,Madrid,2020-04-18,54884,8291,1123,7239,31313,1938,6685471,13.19,108.28,15.11
ML,Melilla,2020-04-18,104,44,3,2,44,0,84286,1.92,2.37,42.31
MC,Murcia,2020-04-18,1644,612,102,116,652,6,1494442,7.06,7.76,37.23
NC,Navarra,2020-04-18,4621,1843,127,369,992,65,652526,7.99,56.55,39.88
PV,País Vasco,2020-04-18,12569,6086,499,1062,6972,214,2181919,8.45,48.67,48.42
RI,La Rioja,2020-04-18,3705,1268,79,277,1816,57,314487,7.48,88.08,34.22
AN,Andalucía,2020-04-19,11323,5473,690,1013,3229,118,8446561,8.95,11.99,48.34
AR,Aragon,2020-04-19,4886,2244,248,637,1178,55,1324397,13.04,48.1,45.93
AS,Asturias,2020-04-19,2348,1599,122,200,599,50,1019993,8.52,19.61,68.1
IB,Islas Baleares,2020-04-19,1788,963,161,157,1005,15,1198576,8.78,13.1,53.86
CN,Canarias,2020-04-19,2067,826,163,119,813,20,2220270,5.76,5.36,39.96
CB,Cantabria,2020-04-19,2083,934,78,158,626,33,581949,7.59,27.15,44.84
CM,Castilla-La Mancha,2020-04-19,16796,8173,531,2021,4178,171,2038440,12.03,99.14,48.66
CL,Castilla y León,2020-04-19,15857,7080,501,1493,5366,236,2402877,9.42,62.13,44.65
CT,Cataluña,2020-04-19,41676,22375,2409,4009,13934,1076,7609499,9.62,52.68,53.69
CE,Ceuta,2020-04-19,111,9,4,4,74,2,84434,3.6,4.74,8.11
VC,C. Valenciana,2020-04-19,10018,4827,646,1079,4629,81,4998711,10.77,21.59,48.18
EX,Extremadura,2020-04-19,3186,1306,112,389,858,50,1062797,12.21,36.6,40.99
GA,Galicia,2020-04-19,8299,2609,108,352,1548,114,2698764,4.24,13.04,31.44
MD,Madrid,2020-04-19,56963,8191,1111,7351,31762,2079,6685471,12.9,109.95,14.38
ML,Melilla,2020-04-19,104,44,3,2,46,0,84286,1.92,2.37,42.31
MC,Murcia,2020-04-19,1646,612,103,117,662,2,1494442,7.11,7.83,37.18
NC,Navarra,2020-04-19,4697,1856,128,385,1123,76,652526,8.2,59,39.51
PV,País Vasco,2020-04-19,12628,6109,501,1081,7124,59,2181919,8.56,49.54,48.38
RI,La Rioja,2020-04-19,3734,1282,79,285,1833,29,314487,7.63,90.62,34.33
AN,Andalucía,2020-04-20,11447,5509,692,1017,3411,124,8446561,8.88,12.04,48.13
AR,Aragon,2020-04-20,4938,2271,250,643,1182,52,1324397,13.02,48.55,45.99
AS,Asturias,2020-04-20,2365,1626,122,202,616,17,1019993,8.54,19.8,68.75
IB,Islas Baleares,2020-04-20,1808,986,161,161,1005,20,1198576,8.9,13.43,54.54
CN,Canarias,2020-04-20,2085,837,164,120,878,18,2220270,5.76,5.4,40.14
CB,Cantabria,2020-04-20,2123,948,78,165,646,40,581949,7.77,28.35,44.65
CM,Castilla-La Mancha,2020-04-20,17045,8199,534,2075,4242,249,2038440,12.17,101.79,48.1
CL,Castilla y León,2020-04-20,16259,7174,503,1521,5429,402,2402877,9.35,63.3,44.12
CT,Cataluña,2020-04-20,43112,22796,2437,4152,14446,1436,7609499,9.63,54.56,52.88
CE,Ceuta,2020-04-20,111,9,4,4,73,0,84434,3.6,4.74,8.11
VC,C. Valenciana,2020-04-20,10084,4866,648,1089,4719,66,4998711,10.8,21.79,48.25
EX,Extremadura,2020-04-20,3196,1327,112,397,921,10,1062797,12.42,37.35,41.52
GA,Galicia,2020-04-20,8468,2652,101,360,1588,169,2698764,4.25,13.34,31.32
MD,Madrid,2020-04-20,57997,7930,1076,7460,32277,1034,6685471,12.86,111.59,13.67
ML,Melilla,2020-04-20,105,44,3,2,46,1,84286,1.9,2.37,41.9
MC,Murcia,2020-04-20,1681,614,104,120,702,35,1494442,7.14,8.03,36.53
NC,Navarra,2020-04-20,4781,1877,128,397,1190,84,652526,8.3,60.84,39.26
PV,País Vasco,2020-04-20,12810,6141,507,1103,7277,182,2181919,8.61,50.55,47.94
RI,La Rioja,2020-04-20,3763,1297,81,294,1866,29,314487,7.81,93.49,34.47
AN,Andalucía,2020-04-21,11610,5565,696,1050,3569,163,8446561,9.04,12.43,47.93
AR,Aragon,2020-04-21,5054,2304,252,656,1530,116,1324397,12.98,49.53,45.59
AS,Asturias,2020-04-21,2419,1665,128,211,642,54,1019993,8.72,20.69,68.83
IB,Islas Baleares,2020-04-21,1836,1005,166,164,1017,28,1198576,8.93,13.68,54.74
CN,Canarias,2020-04-21,2094,841,164,121,927,9,2220270,5.78,5.45,40.16
CB,Cantabria,2020-04-21,2160,956,78,167,718,37,581949,7.73,28.7,44.26
CM,Castilla-La Mancha,2020-04-21,17321,8243,537,2140,4337,276,2038440,12.35,104.98,47.59
CL,Castilla y León,2020-04-21,16839,7264,505,1554,5614,580,2402877,9.23,64.67,43.14
CT,Cataluña,2020-04-21,43802,23295,2460,4247,15089,690,7609499,9.7,55.81,53.18
CE,Ceuta,2020-04-21,118,9,4,4,76,7,84434,3.39,4.74,7.63
VC,C. Valenciana,2020-04-21,10538,4896,649,1106,5011,454,4998711,10.5,22.13,46.46
EX,Extremadura,2020-04-21,3230,1349,112,404,1051,34,1062797,12.51,38.01,41.76
GA,Galicia,2020-04-21,8634,2674,96,368,1625,166,2698764,4.26,13.64,30.97
MD,Madrid,2020-04-21,59199,7464,1024,7577,33032,1202,6685471,12.8,113.34,12.61
ML,Melilla,2020-04-21,105,44,3,2,50,0,84286,1.9,2.37,41.9
MC,Murcia,2020-04-21,1695,622,104,123,761,14,1494442,7.26,8.23,36.7
NC,Navarra,2020-04-21,4899,1894,128,401,1316,118,652526,8.19,61.45,38.66
PV,País Vasco,2020-04-21,13044,6201,513,1124,7651,234,2181919,8.62,51.51,47.54
RI,La Rioja,2020-04-21,3792,1318,81,298,1899,29,314487,7.86,94.76,34.76
AN,Andalucía,2020-04-22,11845,5616,702,1079,3847,235,8446561,9.11,12.77,47.41
AR,Aragon,2020-04-22,5237,2340,253,681,1680,183,1324397,13,51.42,44.68
AS,Asturias,2020-04-22,2453,1705,130,223,665,34,1019993,9.09,21.86,69.51
IB,Islas Baleares,2020-04-22,1861,1022,167,168,1047,25,1198576,9.03,14.02,54.92
CN,Canarias,2020-04-22,2113,855,169,121,969,19,2220270,5.73,5.45,40.46
CB,Cantabria,2020-04-22,2206,965,78,173,850,46,581949,7.84,29.73,43.74
CM,Castilla-La Mancha,2020-04-22,17557,8304,546,2188,4577,236,2038440,12.46,107.34,47.3
CL,Castilla y León,2020-04-22,17402,7397,508,1582,5777,563,2402877,9.09,65.84,42.51
CT,Cataluña,2020-04-22,44892,23647,2478,4343,15477,1090,7609499,9.67,57.07,52.68
CE,Ceuta,2020-04-22,118,9,4,4,76,0,84434,3.39,4.74,7.63
VC,C. Valenciana,2020-04-22,10692,4917,650,1124,5388,154,4998711,10.51,22.49,45.99
EX,Extremadura,2020-04-22,3260,1375,113,407,1237,30,1062797,12.48,38.3,42.18
GA,Galicia,2020-04-22,8805,2694,92,375,1676,171,2698764,4.26,13.9,30.6
MD,Madrid,2020-04-22,60487,7077,981,7684,33645,1288,6685471,12.7,114.94,11.7
ML,Melilla,2020-04-22,106,44,3,2,55,1,84286,1.89,2.37,41.51
MC,Murcia,2020-04-22,1721,624,104,124,766,26,1494442,7.21,8.3,36.26
NC,Navarra,2020-04-22,4994,1907,129,409,1445,95,652526,8.19,62.68,38.19
PV,País Vasco,2020-04-22,13436,6260,516,1167,8136,392,2181919,8.69,53.49,46.59
RI,La Rioja,2020-04-22,3839,1331,82,303,1937,47,314487,7.89,96.35,34.67
ES,Nacional,2020-02-20,2,26,0,0,0,0,47100396,0,0,1300
ES,Nacional,2020-02-21,2,30,1,0,0,0,47100396,0,0,1500
ES,Nacional,2020-02-22,2,33,1,0,0,0,47100396,0,0,1650
ES,Nacional,2020-02-23,2,38,2,0,0,0,47100396,0,0,1900
ES,Nacional,2020-02-24,3,49,2,0,0,1,47100396,0,0,1633.33
ES,Nacional,2020-02-25,10,58,2,0,0,7,47100396,0,0,580
ES,Nacional,2020-02-26,16,63,3,0,0,6,47100396,0,0,393.75
ES,Nacional,2020-02-27,29,73,3,0,0,13,47100396,0,0,251.72
ES,Nacional,2020-02-28,43,78,3,0,0,14,47100396,0,0,181.4
ES,Nacional,2020-02-29,65,85,3,0,0,22,47100396,0,0,130.77
ES,Nacional,2020-03-01,113,88,3,0,0,48,47100396,0,0,77.88
ES,Nacional,2020-03-02,148,93,3,0,0,35,47100396,0,0,62.84
ES,Nacional,2020-03-03,194,105,5,0,0,46,47100396,0,0,54.12
ES,Nacional,2020-03-04,238,117,6,0,0,44,47100396,0,0,49.16
ES,Nacional,2020-03-05,364,130,8,0,0,126,47100396,0,0,35.71
ES,Nacional,2020-03-06,386,138,8,0,0,22,47100396,0,0,35.75
ES,Nacional,2020-03-07,526,146,9,0,0,140,47100396,0,0,27.76
ES,Nacional,2020-03-08,990,169,87,28,25,464,47100396,2.83,0.06,17.07
ES,Nacional,2020-03-09,1564,202,117,35,140,574,47100396,2.24,0.07,12.92
ES,Nacional,2020-03-10,2084,486,161,48,188,520,47100396,2.3,0.1,23.32
ES,Nacional,2020-03-11,2871,683,217,86,201,787,47100396,3,0.18,23.79
ES,Nacional,2020-03-12,4163,2243,287,123,200,1292,47100396,2.95,0.26,53.88
ES,Nacional,2020-03-13,5893,2596,317,141,544,1730,47100396,2.39,0.3,44.05
ES,Nacional,2020-03-14,7725,3691,423,292,556,1832,47100396,3.78,0.62,47.78
ES,Nacional,2020-03-15,9263,4169,478,314,575,1538,47100396,3.39,0.67,45.01
ES,Nacional,2020-03-16,11198,5982,628,496,1086,1935,47100396,4.43,1.05,53.42
ES,Nacional,2020-03-17,13716,6778,867,590,1160,2518,47100396,4.3,1.25,49.42
ES,Nacional,2020-03-18,17147,8898,1057,765,1210,3431,47100396,4.46,1.62,51.89
ES,Nacional,2020-03-19,19980,10915,1297,993,1542,2833,47100396,4.97,2.11,54.63
ES,Nacional,2020-03-20,24926,13807,1630,1326,2131,4946,47100396,5.32,2.82,55.39
ES,Nacional,2020-03-21,28914,16425,1816,1672,2672,3988,47100396,5.78,3.55,56.81
ES,Nacional,2020-03-22,32911,19577,2155,2136,3140,3997,47100396,6.49,4.53,59.48
ES,Nacional,2020-03-23,39673,23157,2617,2707,3697,6762,47100396,6.82,5.75,58.37
ES,Nacional,2020-03-24,47610,26859,3155,3303,5054,7937,47100396,6.94,7.01,56.41
ES,Nacional,2020-03-25,56188,30971,3481,3918,6326,8578,47100396,6.97,8.32,55.12
ES,Nacional,2020-03-26,64059,35820,4023,4663,8491,7871,47100396,7.28,9.9,55.92
ES,Nacional,2020-03-27,72248,40181,4353,5502,10896,8189,47100396,7.62,11.68,55.62
ES,Nacional,2020-03-28,78796,42807,4662,6217,13219,6548,47100396,7.89,13.2,54.33
ES,Nacional,2020-03-29,85142,45717,4926,6913,14823,6346,47100396,8.12,14.68,53.7
ES,Nacional,2020-03-30,94164,48144,5233,7733,16926,9022,47100396,8.21,16.42,51.13
ES,Nacional,2020-03-31,102136,51218,5517,8662,20023,7972,47100396,8.48,18.39,50.15
ES,Nacional,2020-04-01,110238,53720,5722,9539,23509,8102,47100396,8.65,20.25,48.73
ES,Nacional,2020-04-02,117710,55670,5919,10384,26540,7472,47100396,8.82,22.05,47.29
ES,Nacional,2020-04-03,124736,57789,6077,11164,30173,7026,47100396,8.95,23.7,46.33
ES,Nacional,2020-04-04,130759,58936,6362,11834,33701,6023,47100396,9.05,25.13,45.07
ES,Nacional,2020-04-05,135032,60069,6443,12462,35723,4273,47100396,9.23,26.46,44.49
ES,Nacional,2020-04-06,140510,60802,6526,13219,38620,5478,47100396,9.41,28.07,43.27
ES,Nacional,2020-04-07,146690,61500,6644,13976,43091,6180,47100396,9.53,29.67,41.93
ES,Nacional,2020-04-08,152446,62606,6810,14757,47116,5756,47100396,9.68,31.33,41.07
ES,Nacional,2020-04-09,157022,63822,6866,15399,50860,4576,47100396,9.81,32.69,40.65
ES,Nacional,2020-04-10,161852,64323,6895,15899,54118,4830,47100396,9.82,33.76,39.74
ES,Nacional,2020-04-11,166019,69868,6914,16505,57026,4167,47100396,9.94,35.04,42.08
ES,Nacional,2020-04-12,169404,71412,7148,17056,59165,3385,47100396,10.07,36.21,42.15
ES,Nacional,2020-04-13,172552,71850,7178,17591,61924,3148,47100396,10.19,37.35,41.64
ES,Nacional,2020-04-14,177464,73013,7271,18276,65682,4912,47100396,10.3,38.8,41.14
ES,Nacional,2020-04-15,182273,73625,7370,18893,69461,4809,47100396,10.37,40.11,40.39
ES,Nacional,2020-04-16,187230,74397,7338,19478,72952,4957,47100396,10.4,41.35,39.74
ES,Nacional,2020-04-17,191726,75519,7553,20043,74662,4496,47100396,10.45,42.55,39.39
ES,Nacional,2020-04-18,195944,76070,7668,20453,77357,4218,47100396,10.44,43.42,38.82
ES,Nacional,2020-04-19,200210,76512,7698,20852,80587,4266,47100396,10.42,44.27,38.22
ES,Nacional,2020-04-20,204178,77103,7705,21282,82514,3968,47100396,10.42,45.18,37.76
ES,Nacional,2020-04-21,208389,77609,7700,21717,85915,4211,47100396,10.42,46.11,37.24
ES,Nacional,2020-04-22,213024,78089,7705,22157,89250,4635,47100396,10.4,47.04,36.66
